Workbook

Sheet Recensement DPS
A1: RECENSEMENT DES DPS
A2: Choisissez le nombre de DPS (0 à 5), puis écrivez-les dans la cellule voisine : Elaine P9 / Clotho P7
A3: Joueur | B3: 🔥 Feu Nb DPS | C3: 🔥 Feu DPS + potentiel | D3: ❄️ Glace Nb DPS | E3: ❄️ Glace DPS + potentiel | F3: 🌪️ Vent Nb DPS | G3: 🌪️ Vent DPS + potentiel | H3: 🌱 Terre Nb DPS | I3: 🌱 Terre DPS + potentiel | J3: ✨ Lumière Nb DPS | K3: ✨ Lumière DPS + potentiel | L3: 🌑 Ténèbres Nb DPS | M3: 🌑 Ténèbres DPS + potentiel | N3: ⚡ Foudre Nb DPS | O3: ⚡ Foudre DPS + potentiel
A4: Akaaarix | B4: 1 | C4: Escanor P8 | D4: 1 | E4: Merlin P10 | F4: 2 | G4: Elaine P6 / Clotho P4 | H4: 1 | I4: Diane P5 | J4: 2 | K4: Escanor P8 / King P7 | L4: 1 | M4: Meliodas P8 | N4: 1 | O4: Merlin P10
A5: Aion
A6: AiRoX7
A7: Altor
A8: Anto53
A9: BarracudaGN
A10: Behemoth
A11: Casté
A12: Eyael
A13: Fonzey
A14: Fruit11A
A15: Godgift
A16: iKeaght
... A24: TheFue

Sheet Analyse
A1: ANALYSE AUTOMATIQUE
A2: Sélectionnez un élément pour classer automatiquement tous les DPS selon leur potentiel.
A3: Élément | B3: Joueurs couverts | C3: DPS recensés | F3: Joueur | G3: Éléments couverts | H3: Total DPS | I3: Feu | J3: Glace | K3: Vent | L3: Terre | M3: Lumière | N3: Ténèbres | O3: Foudre
A4: 🔥 Feu | B4: =COUNTIF('Recensement DPS'!B4:B24,">0") -> 1 | C4: =SUM('Recensement DPS'!B4:B24) -> 1 | F4: Akaaarix | G4: {=COUNTIF({'Recensement DPS'!B4;'Recensement DPS'!D4;'Recensement DPS'!F4;'Recensement DPS'!H4;'Recensement DPS'!J4;'Recensement DPS'!L4;'Recensement DPS'!N4},">0")} -> 7 | H4: =SUM('Recensement DPS'!B4,'Recensement DPS'!D4,'Recensement DPS'!F4,'Recensement DPS'!H4,'Recensement DPS'!J4,'Recensement DPS'!L4,'Recensement DPS'!N4) -> 9 | I4: ='Recensement DPS'!C4 -> Escanor P8 | J4: ='Recensement DPS'!E4 -> Merlin P10 | K4: ='Recensement DPS'!G4 -> Elaine P6 / Clotho P4 | L4: ='Recensement DPS'!I4 -> Diane P5 | M4: ='Recensement DPS'!K4 -> Escanor P8 / King P7 | N4: ='Recensement DPS'!M4 -> Meliodas P8 | O4: ='Recensement DPS'!O4 -> Merlin P10
A5: ❄️ Glace | B5: =COUNTIF('Recensement DPS'!D4:D24,">0") -> 1 | C5: =SUM('Recensement DPS'!D4:D24) -> 1 | F5: Aion | G5: {=COUNTIF({'Recensement DPS'!B5;'Recensement DPS'!D5;'Recensement DPS'!F5;'Recensement DPS'!H5;'Recensement DPS'!J5;'Recensement DPS'!L5;'Recensement DPS'!N5},">0")} -> 0 | H5: =SUM('Recensement DPS'!B5,'Recensement DPS'!D5,'Recensement DPS'!F5,'Recensement DPS'!H5,'Recensement DPS'!J5,'Recensement DPS'!L5,'Recensement DPS'!N5) -> 0 | I5: ='Recensement DPS'!C5 | J5: ='Recensement DPS'!E5 | K5: ='Recensement DPS'!G5 | L5: ='Recensement DPS'!I5 | M5: ='Recensement DPS'!K5 | N5: ='Recensement DPS'!M5 | O5: ='Recensement DPS'!O5
A6: 🌪️ Vent | B6: =COUNTIF('Recensement DPS'!F4:F24,">0") -> 1 | C6: =SUM('Recensement DPS'!F4:F24) -> 2 | F6: AiRoX7 | G6: {=COUNTIF({'Recensement DPS'!B6;'Recensement DPS'!D6;'Recensement DPS'!F6;'Recensement DPS'!H6;'Recensement DPS'!J6;'Recensement DPS'!L6;'Recensement DPS'!N6},">0")} -> 0 | H6: =SUM('Recensement DPS'!B6,'Recensement DPS'!D6,'Recensement DPS'!F6,'Recensement DPS'!H6,'Recensement DPS'!J6,'Recensement DPS'!L6,'Recensement DPS'!N6) -> 0 | I6: ='Recensement DPS'!C6 | J6: ='Recensement DPS'!E6 | K6: ='Recensement DPS'!G6 | L6: ='Recensement DPS'!I6 | M6: ='Recensement DPS'!K6 | N6: ='Recensement DPS'!M6 | O6: ='Recensement DPS'!O6
A7: 🌱 Terre | B7: =COUNTIF('Recensement DPS'!H4:H24,">0") -> 1 | C7: =SUM('Recensement DPS'!H4:H24) -> 1 | F7: Altor | G7: {=COUNTIF({'Recensement DPS'!B7;'Recensement DPS'!D7;'Recensement DPS'!F7;'Recensement DPS'!H7;'Recensement DPS'!J7;'Recensement DPS'!L7;'Recensement DPS'!N7},">0")} -> 0 | H7: =SUM('Recensement DPS'!B7,'Recensement DPS'!D7,'Recensement DPS'!F7,'Recensement DPS'!H7,'Recensement DPS'!J7,'Recensement DPS'!L7,'Recensement DPS'!N7) -> 0 | I7: ='Recensement DPS'!C7 | J7: ='Recensement DPS'!E7 | K7: ='Recensement DPS'!G7 | L7: ='Recensement DPS'!I7 | M7: ='Recensement DPS'!K7 | N7: ='Recensement DPS'!M7 | O7: ='Recensement DPS'!O7
A8: ✨ Lumière | B8: =COUNTIF('Recensement DPS'!J4:J24,">0") -> 1 | C8: =SUM('Recensement DPS'!J4:J24) -> 2 | F8: Anto53 | G8: {=COUNTIF({'Recensement DPS'!B8;'Recensement DPS'!D8;'Recensement DPS'!F8;'Recensement DPS'!H8;'Recensement DPS'!J8;'Recensement DPS'!L8;'Recensement DPS'!N8},">0")} -> 0 | H8: =SUM('Recensement DPS'!B8,'Recensement DPS'!D8,'Recensement DPS'!F8,'Recensement DPS'!H8,'Recensement DPS'!J8,'Recensement DPS'!L8,'Recensement DPS'!N8) -> 0 | I8: ='Recensement DPS'!C8 | J8: ='Recensement DPS'!E8 | K8: ='Recensement DPS'!G8 | L8: ='Recensement DPS'!I8 | M8: ='Recensement DPS'!K8 | N8: ='Recensement DPS'!M8 | O8: ='Recensement DPS'!O8
A9: 🌑 Ténèbres | B9: =COUNTIF('Recensement DPS'!L4:L24,">0") -> 1 | C9: =SUM('Recensement DPS'!L4:L24) -> 1 | F9: BarracudaGN | G9: {=COUNTIF({'Recensement DPS'!B9;'Recensement DPS'!D9;'Recensement DPS'!F9;'Recensement DPS'!H9;'Recensement DPS'!J9;'Recensement DPS'!L9;'Recensement DPS'!N9},">0")} -> 0 | H9: =SUM('Recensement DPS'!B9,'Recensement DPS'!D9,'Recensement DPS'!F9,'Recensement DPS'!H9,'Recensement DPS'!J9,'Recensement DPS'!L9,'Recensement DPS'!N9) -> 0 | I9: ='Recensement DPS'!C9 | J9: ='Recensement DPS'!E9 | K9: ='Recensement DPS'!G9 | L9: ='Recensement DPS'!I9 | M9: ='Recensement DPS'!K9 | N9: ='Recensement DPS'!M9 | O9: ='Recensement DPS'!O9
A10: ⚡ Foudre | B10: =COUNTIF('Recensement DPS'!N4:N24,">0") -> 1 | C10: =SUM('Recensement DPS'!N4:N24) -> 1 | F10: Behemoth | G10: {=COUNTIF({'Recensement DPS'!B10;'Recensement DPS'!D10;'Recensement DPS'!F10;'Recensement DPS'!H10;'Recensement DPS'!J10;'Recensement DPS'!L10;'Recensement DPS'!N10},">0")} -> 0 | H10: =SUM('Recensement DPS'!B10,'Recensement DPS'!D10,'Recensement DPS'!F10,'Recensement DPS'!H10,'Recensement DPS'!J10,'Recensement DPS'!L10,'Recensement DPS'!N10) -> 0 | I10: ='Recensement DPS'!C10 | J10: ='Recensement DPS'!E10 | K10: ='Recensement DPS'!G10 | L10: ='Recensement DPS'!I10 | M10: ='Recensement DPS'!K10 | N10: ='Recensement DPS'!M10 | O10: ='Recensement DPS'!O10
F11: Casté | G11: {=COUNTIF({'Recensement DPS'!B11;'Recensement DPS'!D11;'Recensement DPS'!F11;'Recensement DPS'!H11;'Recensement DPS'!J11;'Recensement DPS'!L11;'Recensement DPS'!N11},">0")} -> 0 | H11: =SUM('Recensement DPS'!B11,'Recensement DPS'!D11,'Recensement DPS'!F11,'Recensement DPS'!H11,'Recensement DPS'!J11,'Recensement DPS'!L11,'Recensement DPS'!N11) -> 0 | I11: ='Recensement DPS'!C11 | J11: ='Recensement DPS'!E11 | K11: ='Recensement DPS'!G11 | L11: ='Recensement DPS'!I11 | M11: ='Recensement DPS'!K11 | N11: ='Recensement DPS'!M11 | O11: ='Recensement DPS'!O11
A12: CLASSEMENT PAR POTENTIEL | F12: Eyael | G12: {=COUNTIF({'Recensement DPS'!B12;'Recensement DPS'!D12;'Recensement DPS'!F12;'Recensement DPS'!H12;'Recensement DPS'!J12;'Recensement DPS'!L12;'Recensement DPS'!N12},">0")} -> 0 | H12: =SUM('Recensement DPS'!B12,'Recensement DPS'!D12,'Recensement DPS'!F12,'Recensement DPS'!H12,'Recensement DPS'!J12,'Recensement DPS'!L12,'Recensement DPS'!N12) -> 0 | I12: ='Recensement DPS'!C12 | J12: ='Recensement DPS'!E12 | K12: ='Recensement DPS'!G12 | L12: ='Recensement DPS'!I12 | M12: ='Recensement DPS'!K12 | N12: ='Recensement DPS'!M12 | O12: ='Recensement DPS'!O12
A13: Élément : | B13: Glace | F13: Fonzey | G13: {=COUNTIF({'Recensement DPS'!B13;'Recensement DPS'!D13;'Recensement DPS'!F13;'Recensement DPS'!H13;'Recensement DPS'!J13;'Recensement DPS'!L13;'Recensement DPS'!N13},">0")} -> 0 | H13: =SUM('Recensement DPS'!B13,'Recensement DPS'!D13,'Recensement DPS'!F13,'Recensement DPS'!H13,'Recensement DPS'!J13,'Recensement DPS'!L13,'Recensement DPS'!N13) -> 0 | I13: ='Recensement DPS'!C13 | J13: ='Recensement DPS'!E13 | K13: ='Recensement DPS'!G13 | L13: ='Recensement DPS'!I13 | M13: ='Recensement DPS'!K13 | N13: ='Recensement DPS'!M13 | O13: ='Recensement DPS'!O13
A14: Rang | B14: Joueur | C14: DPS | D14: Potentiel | F14: Fruit11A | G14: {=COUNTIF({'Recensement DPS'!B14;'Recensement DPS'!D14;'Recensement DPS'!F14;'Recensement DPS'!H14;'Recensement DPS'!J14;'Recensement DPS'!L14;'Recensement DPS'!N14},">0")} -> 0 | H14: =SUM('Recensement DPS'!B14,'Recensement DPS'!D14,'Recensement DPS'!F14,'Recensement DPS'!H14,'Recensement DPS'!J14,'Recensement DPS'!L14,'Recensement DPS'!N14) -> 0 | I14: ='Recensement DPS'!C14 | J14: ='Recensement DPS'!E14 | K14: ='Recensement DPS'!G14 | L14: ='Recensement DPS'!I14 | M14: ='Recensement DPS'!K14 | N14: ='Recensement DPS'!M14 | O14: ='Recensement DPS'!O14
A15: =IF(B15="","",ROW()-14) -> 1 | B15: =IFERROR(__xludf.DUMMYFUNCTION("IFERROR(SORT(FILTER(P15:R119,Q15:Q119<>""""),3,FALSE,2,TRUE),"""")"),"Akaaarix") -> Akaaarix | C15: =IFERROR(__xludf.DUMMYFUNCTION("""COMPUTED_VALUE"""),"Merlin P10") -> Merlin P10 | D15: =IFERROR(__xludf.DUMMYFUNCTION("""COMPUTED_VALUE"""),10.0) -> 10 | F15: Godgift | G15: {=COUNTIF({'Recensement DPS'!B15;'Recensement DPS'!D15;'Recensement DPS'!F15;'Recensement DPS'!H15;'Recensement DPS'!J15;'Recensement DPS'!L15;'Recensement DPS'!N15},">0")} -> 0 | H15: =SUM('Recensement DPS'!B15,'Recensement DPS'!D15,'Recensement DPS'!F15,'Recensement DPS'!H15,'Recensement DPS'!J15,'Recensement DPS'!L15,'Recensement DPS'!N15) -> 0 | I15: ='Recensement DPS'!C15 | J15: ='Recensement DPS'!E15 | K15: ='Recensement DPS'!G15 | L15: ='Recensement DPS'!I15 | M15: ='Recensement DPS'!K15 | N15: ='Recensement DPS'!M15 | O15: ='Recensement DPS'!O15 | P15: ='Recensement DPS'!A4 -> Akaaarix | Q15: =IFERROR(__xludf.DUMMYFUNCTION("IFERROR(INDEX(SPLIT(IF(REGEXMATCH(SWITCH($B$13,""Feu"",'Recensement DPS'!C4,""Glace"",'Recensement DPS'!E4,""Vent"",'Recensement DPS'!G4,""Terre"",'Recensement DPS'!I4,""Lumière"",'Recensement DPS'!K4,""Ténèbres"",'Recensement DPS'!M4,""Foudre"",'Recensem"&"ent DPS'!O4),""/""),SWITCH($B$13,""Feu"",'Recensement DPS'!C4,""Glace"",'Recensement DPS'!E4,""Vent"",'Recensement DPS'!G4,""Terre"",'Recensement DPS'!I4,""Lumière"",'Recensement DPS'!K4,""Ténèbres"",'Recensement DPS'!M4,""Foudre"",'Recensement DPS'!O4),R"&"EGEXREPLACE(SWITCH($B$13,""Feu"",'Recensement DPS'!C4,""Glace"",'Recensement DPS'!E4,""Vent"",'Recensement DPS'!G4,""Terre"",'Recensement DPS'!I4,""Lumière"",'Recensement DPS'!K4,""Ténèbres"",'Recensement DPS'!M4,""Foudre"",'Recensement DPS'!O4),""(?i)(P["&"0-9]+)\s+"",""$1 / "")),"" / "",FALSE,TRUE),1,1),"""")"),"Merlin P10") -> Merlin P10 | R15: =IFERROR(__xludf.DUMMYFUNCTION("IF(Q15="""","""",IFERROR(VALUE(REGEXEXTRACT(Q15,""(?i)P\s*([0-9]+)"")),""""))"),10.0) -> 10
A16: =IF(B16="","",ROW()-14) | F16: iKeaght | G16: {=COUNTIF({'Recensement DPS'!B16;'Recensement DPS'!D16;'Recensement DPS'!F16;'Recensement DPS'!H16;'Recensement DPS'!J16;'Recensement DPS'!L16;'Recensement DPS'!N16},">0")} -> 0 | H16: =SUM('Recensement DPS'!B16,'Recensement DPS'!D16,'Recensement DPS'!F16,'Recensement DPS'!H16,'Recensement DPS'!J16,'Recensement DPS'!L16,'Recensement DPS'!N16) -> 0 | I16: ='Recensement DPS'!C16 | J16: ='Recensement DPS'!E16 | K16: ='Recensement DPS'!G16 | L16: ='Recensement DPS'!I16 | M16: ='Recensement DPS'!K16 | N16: ='Recensement DPS'!M16 | O16: ='Recensement DPS'!O16 | P16: ='Recensement DPS'!A4 -> Akaaarix | Q16: =IFERROR(__xludf.DUMMYFUNCTION("IFERROR(INDEX(SPLIT(IF(REGEXMATCH(SWITCH($B$13,""Feu"",'Recensement DPS'!C4,""Glace"",'Recensement DPS'!E4,""Vent"",'Recensement DPS'!G4,""Terre"",'Recensement DPS'!I4,""Lumière"",'Recensement DPS'!K4,""Ténèbres"",'Recensement DPS'!M4,""Foudre"",'Recensem"&"ent DPS'!O4),""/""),SWITCH($B$13,""Feu"",'Recensement DPS'!C4,""Glace"",'Recensement DPS'!E4,""Vent"",'Recensement DPS'!G4,""Terre"",'Recensement DPS'!I4,""Lumière"",'Recensement DPS'!K4,""Ténèbres"",'Recensement DPS'!M4,""Foudre"",'Recensement DPS'!O4),R"&"EGEXREPLACE(SWITCH($B$13,""Feu"",'Recensement DPS'!C4,""Glace"",'Recensement DPS'!E4,""Vent"",'Recensement DPS'!G4,""Terre"",'Recensement DPS'!I4,""Lumière"",'Recensement DPS'!K4,""Ténèbres"",'Recensement DPS'!M4,""Foudre"",'Recensement DPS'!O4),""(?i)(P["&"0-9]+)\s+"",""$1 / "")),"" / "",FALSE,TRUE),1,2),"""")"),"") | R16: =IFERROR(__xludf.DUMMYFUNCTION("IF(Q16="""","""",IFERROR(VALUE(REGEXEXTRACT(Q16,""(?i)P\s*([0-9]+)"")),""""))"),"")
A17: =IF(B17="","",ROW()-14) | F17: Jinwoo | G17: {=COUNTIF({'Recensement DPS'!B17;'Recensement DPS'!D17;'Recensement DPS'!F17;'Recensement DPS'!H17;'Recensement DPS'!J17;'Recensement DPS'!L17;'Recensement DPS'!N17},">0")} -> 0 | H17: =SUM('Recensement DPS'!B17,'Recensement DPS'!D17,'Recensement DPS'!F17,'Recensement DPS'!H17,'Recensement DPS'!J17,'Recensement DPS'!L17,'Recensement DPS'!N17) -> 0 | I17: ='Recensement DPS'!C17 | J17: ='Recensement DPS'!E17 | K17: ='Recensement DPS'!G17 | L17: ='Recensement DPS'!I17 | M17: ='Recensement DPS'!K17 | N17: ='Recensement DPS'!M17 | O17: ='Recensement DPS'!O17 | P17: ='Recensement DPS'!A4 -> Akaaarix | Q17: =IFERROR(__xludf.DUMMYFUNCTION("IFERROR(INDEX(SPLIT(IF(REGEXMATCH(SWITCH($B$13,""Feu"",'Recensement DPS'!C4,""Glace"",'Recensement DPS'!E4,""Vent"",'Recensement DPS'!G4,""Terre"",'Recensement DPS'!I4,""Lumière"",'Recensement DPS'!K4,""Ténèbres"",'Recensement DPS'!M4,""Foudre"",'Recensem"&"ent DPS'!O4),""/""),SWITCH($B$13,""Feu"",'Recensement DPS'!C4,""Glace"",'Recensement DPS'!E4,""Vent"",'Recensement DPS'!G4,""Terre"",'Recensement DPS'!I4,""Lumière"",'Recensement DPS'!K4,""Ténèbres"",'Recensement DPS'!M4,""Foudre"",'Recensement DPS'!O4),R"&"EGEXREPLACE(SWITCH($B$13,""Feu"",'Recensement DPS'!C4,""Glace"",'Recensement DPS'!E4,""Vent"",'Recensement DPS'!G4,""Terre"",'Recensement DPS'!I4,""Lumière"",'Recensement DPS'!K4,""Ténèbres"",'Recensement DPS'!M4,""Foudre"",'Recensement DPS'!O4),""(?i)(P["&"0-9]+)\s+"",""$1 / "")),"" / "",FALSE,TRUE),1,3),"""")"),"") | R17: =IFERROR(__xludf.DUMMYFUNCTION("IF(Q17="""","""",IFERROR(VALUE(REGEXEXTRACT(Q17,""(?i)P\s*([0-9]+)"")),""""))"),"")
A18: =IF(B18="","",ROW()-14) | F18: Kirisaka | G18: {=COUNTIF({'Recensement DPS'!B18;'Recensement DPS'!D18;'Recensement DPS'!F18;'Recensement DPS'!H18;'Recensement DPS'!J18;'Recensement DPS'!L18;'Recensement DPS'!N18},">0")} -> 0 | H18: =SUM('Recensement DPS'!B18,'Recensement DPS'!D18,'Recensement DPS'!F18,'Recensement DPS'!H18,'Recensement DPS'!J18,'Recensement DPS'!L18,'Recensement DPS'!N18) -> 0 | I18: ='Recensement DPS'!C18 | J18: ='Recensement DPS'!E18 | K18: ='Recensement DPS'!G18 | L18: ='Recensement DPS'!I18 | M18: ='Recensement DPS'!K18 | N18: ='Recensement DPS'!M18 | O18: ='Recensement DPS'!O18 | P18: ='Recensement DPS'!A4 -> Akaaarix | Q18: =IFERROR(__xludf.DUMMYFUNCTION("IFERROR(INDEX(SPLIT(IF(REGEXMATCH(SWITCH($B$13,""Feu"",'Recensement DPS'!C4,""Glace"",'Recensement DPS'!E4,""Vent"",'Recensement DPS'!G4,""Terre"",'Recensement DPS'!I4,""Lumière"",'Recensement DPS'!K4,""Ténèbres"",'Recensement DPS'!M4,""Foudre"",'Recensem"&"ent DPS'!O4),""/""),SWITCH($B$13,""Feu"",'Recensement DPS'!C4,""Glace"",'Recensement DPS'!E4,""Vent"",'Recensement DPS'!G4,""Terre"",'Recensement DPS'!I4,""Lumière"",'Recensement DPS'!K4,""Ténèbres"",'Recensement DPS'!M4,""Foudre"",'Recensement DPS'!O4),R"&"EGEXREPLACE(SWITCH($B$13,""Feu"",'Recensement DPS'!C4,""Glace"",'Recensement DPS'!E4,""Vent"",'Recensement DPS'!G4,""Terre"",'Recensement DPS'!I4,""Lumière"",'Recensement DPS'!K4,""Ténèbres"",'Recensement DPS'!M4,""Foudre"",'Recensement DPS'!O4),""(?i)(P["&"0-9]+)\s+"",""$1 / "")),"" / "",FALSE,TRUE),1,4),"""")"),"") | R18: =IFERROR(__xludf.DUMMYFUNCTION("IF(Q18="""","""",IFERROR(VALUE(REGEXEXTRACT(Q18,""(?i)P\s*([0-9]+)"")),""""))"),"")
A19: =IF(B19="","",ROW()-14) | F19: MDK95 | G19: {=COUNTIF({'Recensement DPS'!B19;'Recensement DPS'!D19;'Recensement DPS'!F19;'Recensement DPS'!H19;'Recensement DPS'!J19;'Recensement DPS'!L19;'Recensement DPS'!N19},">0")} -> 0 | H19: =SUM('Recensement DPS'!B19,'Recensement DPS'!D19,'Recensement DPS'!F19,'Recensement DPS'!H19,'Recensement DPS'!J19,'Recensement DPS'!L19,'Recensement DPS'!N19) -> 0 | I19: ='Recensement DPS'!C19 | J19: ='Recensement DPS'!E19 | K19: ='Recensement DPS'!G19 | L19: ='Recensement DPS'!I19 | M19: ='Recensement DPS'!K19 | N19: ='Recensement DPS'!M19 | O19: ='Recensement DPS'!O19 | P19: ='Recensement DPS'!A4 -> Akaaarix | Q19: =IFERROR(__xludf.DUMMYFUNCTION("IFERROR(INDEX(SPLIT(IF(REGEXMATCH(SWITCH($B$13,""Feu"",'Recensement DPS'!C4,""Glace"",'Recensement DPS'!E4,""Vent"",'Recensement DPS'!G4,""Terre"",'Recensement DPS'!I4,""Lumière"",'Recensement DPS'!K4,""Ténèbres"",'Recensement DPS'!M4,""Foudre"",'Recensem"&"ent DPS'!O4),""/""),SWITCH($B$13,""Feu"",'Recensement DPS'!C4,""Glace"",'Recensement DPS'!E4,""Vent"",'Recensement DPS'!G4,""Terre"",'Recensement DPS'!I4,""Lumière"",'Recensement DPS'!K4,""Ténèbres"",'Recensement DPS'!M4,""Foudre"",'Recensement DPS'!O4),R"&"EGEXREPLACE(SWITCH($B$13,""Feu"",'Recensement DPS'!C4,""Glace"",'Recensement DPS'!E4,""Vent"",'Recensement DPS'!G4,""Terre"",'Recensement DPS'!I4,""Lumière"",'Recensement DPS'!K4,""Ténèbres"",'Recensement DPS'!M4,""Foudre"",'Recensement DPS'!O4),""(?i)(P["&"0-9]+)\s+"",""$1 / "")),"" / "",FALSE,TRUE),1,5),"""")"),"") | R19: =IFERROR(__xludf.DUMMYFUNCTION("IF(Q19="""","""",IFERROR(VALUE(REGEXEXTRACT(Q19,""(?i)P\s*([0-9]+)"")),""""))"),"")
A20: =IF(B20="","",ROW()-14) | F20: Mumu | G20: {=COUNTIF({'Recensement DPS'!B20;'Recensement DPS'!D20;'Recensement DPS'!F20;'Recensement DPS'!H20;'Recensement DPS'!J20;'Recensement DPS'!L20;'Recensement DPS'!N20},">0")} -> 0 | H20: =SUM('Recensement DPS'!B20,'Recensement DPS'!D20,'Recensement DPS'!F20,'Recensement DPS'!H20,'Recensement DPS'!J20,'Recensement DPS'!L20,'Recensement DPS'!N20) -> 0 | I20: ='Recensement DPS'!C20 | J20: ='Recensement DPS'!E20 | K20: ='Recensement DPS'!G20 | L20: ='Recensement DPS'!I20 | M20: ='Recensement DPS'!K20 | N20: ='Recensement DPS'!M20 | O20: ='Recensement DPS'!O20 | P20: ='Recensement DPS'!A5 -> Aion | Q20: =IFERROR(__xludf.DUMMYFUNCTION("IFERROR(INDEX(SPLIT(IF(REGEXMATCH(SWITCH($B$13,""Feu"",'Recensement DPS'!C5,""Glace"",'Recensement DPS'!E5,""Vent"",'Recensement DPS'!G5,""Terre"",'Recensement DPS'!I5,""Lumière"",'Recensement DPS'!K5,""Ténèbres"",'Recensement DPS'!M5,""Foudre"",'Recensem"&"ent DPS'!O5),""/""),SWITCH($B$13,""Feu"",'Recensement DPS'!C5,""Glace"",'Recensement DPS'!E5,""Vent"",'Recensement DPS'!G5,""Terre"",'Recensement DPS'!I5,""Lumière"",'Recensement DPS'!K5,""Ténèbres"",'Recensement DPS'!M5,""Foudre"",'Recensement DPS'!O5),R"&"EGEXREPLACE(SWITCH($B$13,""Feu"",'Recensement DPS'!C5,""Glace"",'Recensement DPS'!E5,""Vent"",'Recensement DPS'!G5,""Terre"",'Recensement DPS'!I5,""Lumière"",'Recensement DPS'!K5,""Ténèbres"",'Recensement DPS'!M5,""Foudre"",'Recensement DPS'!O5),""(?i)(P["&"0-9]+)\s+"",""$1 / "")),"" / "",FALSE,TRUE),1,1),"""")"),"") | R20: =IFERROR(__xludf.DUMMYFUNCTION("IF(Q20="""","""",IFERROR(VALUE(REGEXEXTRACT(Q20,""(?i)P\s*([0-9]+)"")),""""))"),"")
A21: =IF(B21="","",ROW()-14) | F21: Smiiters | G21: {=COUNTIF({'Recensement DPS'!B21;'Recensement DPS'!D21;'Recensement DPS'!F21;'Recensement DPS'!H21;'Recensement DPS'!J21;'Recensement DPS'!L21;'Recensement DPS'!N21},">0")} -> 0 | H21: =SUM('Recensement DPS'!B21,'Recensement DPS'!D21,'Recensement DPS'!F21,'Recensement DPS'!H21,'Recensement DPS'!J21,'Recensement DPS'!L21,'Recensement DPS'!N21) -> 0 | I21: ='Recensement DPS'!C21 | J21: ='Recensement DPS'!E21 | K21: ='Recensement DPS'!G21 | L21: ='Recensement DPS'!I21 | M21: ='Recensement DPS'!K21 | N21: ='Recensement DPS'!M21 | O21: ='Recensement DPS'!O21 | P21: ='Recensement DPS'!A5 -> Aion | Q21: =IFERROR(__xludf.DUMMYFUNCTION("IFERROR(INDEX(SPLIT(IF(REGEXMATCH(SWITCH($B$13,""Feu"",'Recensement DPS'!C5,""Glace"",'Recensement DPS'!E5,""Vent"",'Recensement DPS'!G5,""Terre"",'Recensement DPS'!I5,""Lumière"",'Recensement DPS'!K5,""Ténèbres"",'Recensement DPS'!M5,""Foudre"",'Recensem"&"ent DPS'!O5),""/""),SWITCH($B$13,""Feu"",'Recensement DPS'!C5,""Glace"",'Recensement DPS'!E5,""Vent"",'Recensement DPS'!G5,""Terre"",'Recensement DPS'!I5,""Lumière"",'Recensement DPS'!K5,""Ténèbres"",'Recensement DPS'!M5,""Foudre"",'Recensement DPS'!O5),R"&"EGEXREPLACE(SWITCH($B$13,""Feu"",'Recensement DPS'!C5,""Glace"",'Recensement DPS'!E5,""Vent"",'Recensement DPS'!G5,""Terre"",'Recensement DPS'!I5,""Lumière"",'Recensement DPS'!K5,""Ténèbres"",'Recensement DPS'!M5,""Foudre"",'Recensement DPS'!O5),""(?i)(P["&"0-9]+)\s+"",""$1 / "")),"" / "",FALSE,TRUE),1,2),"""")"),"") | R21: =IFERROR(__xludf.DUMMYFUNCTION("IF(Q21="""","""",IFERROR(VALUE(REGEXEXTRACT(Q21,""(?i)P\s*([0-9]+)"")),""""))"),"")
A22: =IF(B22="","",ROW()-14) | F22: Sucemonkbo974 | G22: {=COUNTIF({'Recensement DPS'!B22;'Recensement DPS'!D22;'Recensement DPS'!F22;'Recensement DPS'!H22;'Recensement DPS'!J22;'Recensement DPS'!L22;'Recensement DPS'!N22},">0")} -> 0 | H22: =SUM('Recensement DPS'!B22,'Recensement DPS'!D22,'Recensement DPS'!F22,'Recensement DPS'!H22,'Recensement DPS'!J22,'Recensement DPS'!L22,'Recensement DPS'!N22) -> 0 | I22: ='Recensement DPS'!C22 | J22: ='Recensement DPS'!E22 | K22: ='Recensement DPS'!G22 | L22: ='Recensement DPS'!I22 | M22: ='Recensement DPS'!K22 | N22: ='Recensement DPS'!M22 | O22: ='Recensement DPS'!O22 | P22: ='Recensement DPS'!A5 -> Aion | Q22: =IFERROR(__xludf.DUMMYFUNCTION("IFERROR(INDEX(SPLIT(IF(REGEXMATCH(SWITCH($B$13,""Feu"",'Recensement DPS'!C5,""Glace"",'Recensement DPS'!E5,""Vent"",'Recensement DPS'!G5,""Terre"",'Recensement DPS'!I5,""Lumière"",'Recensement DPS'!K5,""Ténèbres"",'Recensement DPS'!M5,""Foudre"",'Recensem"&"ent DPS'!O5),""/""),SWITCH($B$13,""Feu"",'Recensement DPS'!C5,""Glace"",'Recensement DPS'!E5,""Vent"",'Recensement DPS'!G5,""Terre"",'Recensement DPS'!I5,""Lumière"",'Recensement DPS'!K5,""Ténèbres"",'Recensement DPS'!M5,""Foudre"",'Recensement DPS'!O5),R"&"EGEXREPLACE(SWITCH($B$13,""Feu"",'Recensement DPS'!C5,""Glace"",'Recensement DPS'!E5,""Vent"",'Recensement DPS'!G5,""Terre"",'Recensement DPS'!I5,""Lumière"",'Recensement DPS'!K5,""Ténèbres"",'Recensement DPS'!M5,""Foudre"",'Recensement DPS'!O5),""(?i)(P["&"0-9]+)\s+"",""$1 / "")),"" / "",FALSE,TRUE),1,3),"""")"),"") | R22: =IFERROR(__xludf.DUMMYFUNCTION("IF(Q22="""","""",IFERROR(VALUE(REGEXEXTRACT(Q22,""(?i)P\s*([0-9]+)"")),""""))"),"")
A23: =IF(B23="","",ROW()-14) | F23: Syval | G23: {=COUNTIF({'Recensement DPS'!B23;'Recensement DPS'!D23;'Recensement DPS'!F23;'Recensement DPS'!H23;'Recensement DPS'!J23;'Recensement DPS'!L23;'Recensement DPS'!N23},">0")} -> 0 | H23: =SUM('Recensement DPS'!B23,'Recensement DPS'!D23,'Recensement DPS'!F23,'Recensement DPS'!H23,'Recensement DPS'!J23,'Recensement DPS'!L23,'Recensement DPS'!N23) -> 0 | I23: ='Recensement DPS'!C23 | J23: ='Recensement DPS'!E23 | K23: ='Recensement DPS'!G23 | L23: ='Recensement DPS'!I23 | M23: ='Recensement DPS'!K23 | N23: ='Recensement DPS'!M23 | O23: ='Recensement DPS'!O23 | P23: ='Recensement DPS'!A5 -> Aion | Q23: =IFERROR(__xludf.DUMMYFUNCTION("IFERROR(INDEX(SPLIT(IF(REGEXMATCH(SWITCH($B$13,""Feu"",'Recensement DPS'!C5,""Glace"",'Recensement DPS'!E5,""Vent"",'Recensement DPS'!G5,""Terre"",'Recensement DPS'!I5,""Lumière"",'Recensement DPS'!K5,""Ténèbres"",'Recensement DPS'!M5,""Foudre"",'Recensem"&"ent DPS'!O5),""/""),SWITCH($B$13,""Feu"",'Recensement DPS'!C5,""Glace"",'Recensement DPS'!E5,""Vent"",'Recensement DPS'!G5,""Terre"",'Recensement DPS'!I5,""Lumière"",'Recensement DPS'!K5,""Ténèbres"",'Recensement DPS'!M5,""Foudre"",'Recensement DPS'!O5),R"&"EGEXREPLACE(SWITCH($B$13,""Feu"",'Recensement DPS'!C5,""Glace"",'Recensement DPS'!E5,""Vent"",'Recensement DPS'!G5,""Terre"",'Recensement DPS'!I5,""Lumière"",'Recensement DPS'!K5,""Ténèbres"",'Recensement DPS'!M5,""Foudre"",'Recensement DPS'!O5),""(?i)(P["&"0-9]+)\s+"",""$1 / "")),"" / "",FALSE,TRUE),1,4),"""")"),"") | R23: =IFERROR(__xludf.DUMMYFUNCTION("IF(Q23="""","""",IFERROR(VALUE(REGEXEXTRACT(Q23,""(?i)P\s*([0-9]+)"")),""""))"),"")
A24: =IF(B24="","",ROW()-14) | F24: TheFue | G24: {=COUNTIF({'Recensement DPS'!B24;'Recensement DPS'!D24;'Recensement DPS'!F24;'Recensement DPS'!H24;'Recensement DPS'!J24;'Recensement DPS'!L24;'Recensement DPS'!N24},">0")} -> 0 | H24: =SUM('Recensement DPS'!B24,'Recensement DPS'!D24,'Recensement DPS'!F24,'Recensement DPS'!H24,'Recensement DPS'!J24,'Recensement DPS'!L24,'Recensement DPS'!N24) -> 0 | I24: ='Recensement DPS'!C24 | J24: ='Recensement DPS'!E24 | K24: ='Recensement DPS'!G24 | L24: ='Recensement DPS'!I24 | M24: ='Recensement DPS'!K24 | N24: ='Recensement DPS'!M24 | O24: ='Recensement DPS'!O24 | P24: ='Recensement DPS'!A5 -> Aion | Q24: =IFERROR(__xludf.DUMMYFUNCTION("IFERROR(INDEX(SPLIT(IF(REGEXMATCH(SWITCH($B$13,""Feu"",'Recensement DPS'!C5,""Glace"",'Recensement DPS'!E5,""Vent"",'Recensement DPS'!G5,""Terre"",'Recensement DPS'!I5,""Lumière"",'Recensement DPS'!K5,""Ténèbres"",'Recensement DPS'!M5,""Foudre"",'Recensem"&"ent DPS'!O5),""/""),SWITCH($B$13,""Feu"",'Recensement DPS'!C5,""Glace"",'Recensement DPS'!E5,""Vent"",'Recensement DPS'!G5,""Terre"",'Recensement DPS'!I5,""Lumière"",'Recensement DPS'!K5,""Ténèbres"",'Recensement DPS'!M5,""Foudre"",'Recensement DPS'!O5),R"&"EGEXREPLACE(SWITCH($B$13,""Feu"",'Recensement DPS'!C5,""Glace"",'Recensement DPS'!E5,""Vent"",'Recensement DPS'!G5,""Terre"",'Recensement DPS'!I5,""Lumière"",'Recensement DPS'!K5,""Ténèbres"",'Recensement DPS'!M5,""Foudre"",'Recensement DPS'!O5),""(?i)(P["&"0-9]+)\s+"",""$1 / "")),"" / "",FALSE,TRUE),1,5),"""")"),"") | R24: =IFERROR(__xludf.DUMMYFUNCTION("IF(Q24="""","""",IFERROR(VALUE(REGEXEXTRACT(Q24,""(?i)P\s*([0-9]+)"")),""""))"),"")
A25: =IF(B25="","",ROW()-14) | P25: ='Recensement DPS'!A6 -> AiRoX7 | Q25: =IFERROR(__xludf.DUMMYFUNCTION("IFERROR(INDEX(SPLIT(IF(REGEXMATCH(SWITCH($B$13,""Feu"",'Recensement DPS'!C6,""Glace"",'Recensement DPS'!E6,""Vent"",'Recensement DPS'!G6,""Terre"",'Recensement DPS'!I6,""Lumière"",'Recensement DPS'!K6,""Ténèbres"",'Recensement DPS'!M6,""Foudre"",'Recensem"&"ent DPS'!O6),""/""),SWITCH($B$13,""Feu"",'Recensement DPS'!C6,""Glace"",'Recensement DPS'!E6,""Vent"",'Recensement DPS'!G6,""Terre"",'Recensement DPS'!I6,""Lumière"",'Recensement DPS'!K6,""Ténèbres"",'Recensement DPS'!M6,""Foudre"",'Recensement DPS'!O6),R"&"EGEXREPLACE(SWITCH($B$13,""Feu"",'Recensement DPS'!C6,""Glace"",'Recensement DPS'!E6,""Vent"",'Recensement DPS'!G6,""Terre"",'Recensement DPS'!I6,""Lumière"",'Recensement DPS'!K6,""Ténèbres"",'Recensement DPS'!M6,""Foudre"",'Recensement DPS'!O6),""(?i)(P["&"0-9]+)\s+"",""$1 / "")),"" / "",FALSE,TRUE),1,1),"""")"),"") | R25: =IFERROR(__xludf.DUMMYFUNCTION("IF(Q25="""","""",IFERROR(VALUE(REGEXEXTRACT(Q25,""(?i)P\s*([0-9]+)"")),""""))"),"")
A26: =IF(B26="","",ROW()-14) | P26: ='Recensement DPS'!A6 -> AiRoX7 | Q26: =IFERROR(__xludf.DUMMYFUNCTION("IFERROR(INDEX(SPLIT(IF(REGEXMATCH(SWITCH($B$13,""Feu"",'Recensement DPS'!C6,""Glace"",'Recensement DPS'!E6,""Vent"",'Recensement DPS'!G6,""Terre"",'Recensement DPS'!I6,""Lumière"",'Recensement DPS'!K6,""Ténèbres"",'Recensement DPS'!M6,""Foudre"",'Recensem"&"ent DPS'!O6),""/""),SWITCH($B$13,""Feu"",'Recensement DPS'!C6,""Glace"",'Recensement DPS'!E6,""Vent"",'Recensement DPS'!G6,""Terre"",'Recensement DPS'!I6,""Lumière"",'Recensement DPS'!K6,""Ténèbres"",'Recensement DPS'!M6,""Foudre"",'Recensement DPS'!O6),R"&"EGEXREPLACE(SWITCH($B$13,""Feu"",'Recensement DPS'!C6,""Glace"",'Recensement DPS'!E6,""Vent"",'Recensement DPS'!G6,""Terre"",'Recensement DPS'!I6,""Lumière"",'Recensement DPS'!K6,""Ténèbres"",'Recensement DPS'!M6,""Foudre"",'Recensement DPS'!O6),""(?i)(P["&"0-9]+)\s+"",""$1 / "")),"" / "",FALSE,TRUE),1,2),"""")"),"") | R26: =IFERROR(__xludf.DUMMYFUNCTION("IF(Q26="""","""",IFERROR(VALUE(REGEXEXTRACT(Q26,""(?i)P\s*([0-9]+)"")),""""))"),"")
A27: =IF(B27="","",ROW()-14) | P27: ='Recensement DPS'!A6 -> AiRoX7 | Q27: =IFERROR(__xludf.DUMMYFUNCTION("IFERROR(INDEX(SPLIT(IF(REGEXMATCH(SWITCH($B$13,""Feu"",'Recensement DPS'!C6,""Glace"",'Recensement DPS'!E6,""Vent"",'Recensement DPS'!G6,""Terre"",'Recensement DPS'!I6,""Lumière"",'Recensement DPS'!K6,""Ténèbres"",'Recensement DPS'!M6,""Foudre"",'Recensem"&"ent DPS'!O6),""/""),SWITCH($B$13,""Feu"",'Recensement DPS'!C6,""Glace"",'Recensement DPS'!E6,""Vent"",'Recensement DPS'!G6,""Terre"",'Recensement DPS'!I6,""Lumière"",'Recensement DPS'!K6,""Ténèbres"",'Recensement DPS'!M6,""Foudre"",'Recensement DPS'!O6),R"&"EGEXREPLACE(SWITCH($B$13,""Feu"",'Recensement DPS'!C6,""Glace"",'Recensement DPS'!E6,""Vent"",'Recensement DPS'!G6,""Terre"",'Recensement DPS'!I6,""Lumière"",'Recensement DPS'!K6,""Ténèbres"",'Recensement DPS'!M6,""Foudre"",'Recensement DPS'!O6),""(?i)(P["&"0-9]+)\s+"",""$1 / "")),"" / "",FALSE,TRUE),1,3),"""")"),"") | R27: =IFERROR(__xludf.DUMMYFUNCTION("IF(Q27="""","""",IFERROR(VALUE(REGEXEXTRACT(Q27,""(?i)P\s*([0-9]+)"")),""""))"),"")
A28: =IF(B28="","",ROW()-14) | P28: ='Recensement DPS'!A6 -> AiRoX7 | Q28: =IFERROR(__xludf.DUMMYFUNCTION("IFERROR(INDEX(SPLIT(IF(REGEXMATCH(SWITCH($B$13,""Feu"",'Recensement DPS'!C6,""Glace"",'Recensement DPS'!E6,""Vent"",'Recensement DPS'!G6,""Terre"",'Recensement DPS'!I6,""Lumière"",'Recensement DPS'!K6,""Ténèbres"",'Recensement DPS'!M6,""Foudre"",'Recensem"&"ent DPS'!O6),""/""),SWITCH($B$13,""Feu"",'Recensement DPS'!C6,""Glace"",'Recensement DPS'!E6,""Vent"",'Recensement DPS'!G6,""Terre"",'Recensement DPS'!I6,""Lumière"",'Recensement DPS'!K6,""Ténèbres"",'Recensement DPS'!M6,""Foudre"",'Recensement DPS'!O6),R"&"EGEXREPLACE(SWITCH($B$13,""Feu"",'Recensement DPS'!C6,""Glace"",'Recensement DPS'!E6,""Vent"",'Recensement DPS'!G6,""Terre"",'Recensement DPS'!I6,""Lumière"",'Recensement DPS'!K6,""Ténèbres"",'Recensement DPS'!M6,""Foudre"",'Recensement DPS'!O6),""(?i)(P["&"0-9]+)\s+"",""$1 / "")),"" / "",FALSE,TRUE),1,4),"""")"),"") | R28: =IFERROR(__xludf.DUMMYFUNCTION("IF(Q28="""","""",IFERROR(VALUE(REGEXEXTRACT(Q28,""(?i)P\s*([0-9]+)"")),""""))"),"")
A29: =IF(B29="","",ROW()-14) | P29: ='Recensement DPS'!A6 -> AiRoX7 | Q29: =IFERROR(__xludf.DUMMYFUNCTION("IFERROR(INDEX(SPLIT(IF(REGEXMATCH(SWITCH($B$13,""Feu"",'Recensement DPS'!C6,""Glace"",'Recensement DPS'!E6,""Vent"",'Recensement DPS'!G6,""Terre"",'Recensement DPS'!I6,""Lumière"",'Recensement DPS'!K6,""Ténèbres"",'Recensement DPS'!M6,""Foudre"",'Recensem"&"ent DPS'!O6),""/""),SWITCH($B$13,""Feu"",'Recensement DPS'!C6,""Glace"",'Recensement DPS'!E6,""Vent"",'Recensement DPS'!G6,""Terre"",'Recensement DPS'!I6,""Lumière"",'Recensement DPS'!K6,""Ténèbres"",'Recensement DPS'!M6,""Foudre"",'Recensement DPS'!O6),R"&"EGEXREPLACE(SWITCH($B$13,""Feu"",'Recensement DPS'!C6,""Glace"",'Recensement DPS'!E6,""Vent"",'Recensement DPS'!G6,""Terre"",'Recensement DPS'!I6,""Lumière"",'Recensement DPS'!K6,""Ténèbres"",'Recensement DPS'!M6,""Foudre"",'Recensement DPS'!O6),""(?i)(P["&"0-9]+)\s+"",""$1 / "")),"" / "",FALSE,TRUE),1,5),"""")"),"") | R29: =IFERROR(__xludf.DUMMYFUNCTION("IF(Q29="""","""",IFERROR(VALUE(REGEXEXTRACT(Q29,""(?i)P\s*([0-9]+)"")),""""))"),"")
A30: =IF(B30="","",ROW()-14) | P30: ='Recensement DPS'!A7 -> Altor | Q30: =IFERROR(__xludf.DUMMYFUNCTION("IFERROR(INDEX(SPLIT(IF(REGEXMATCH(SWITCH($B$13,""Feu"",'Recensement DPS'!C7,""Glace"",'Recensement DPS'!E7,""Vent"",'Recensement DPS'!G7,""Terre"",'Recensement DPS'!I7,""Lumière"",'Recensement DPS'!K7,""Ténèbres"",'Recensement DPS'!M7,""Foudre"",'Recensem"&"ent DPS'!O7),""/""),SWITCH($B$13,""Feu"",'Recensement DPS'!C7,""Glace"",'Recensement DPS'!E7,""Vent"",'Recensement DPS'!G7,""Terre"",'Recensement DPS'!I7,""Lumière"",'Recensement DPS'!K7,""Ténèbres"",'Recensement DPS'!M7,""Foudre"",'Recensement DPS'!O7),R"&"EGEXREPLACE(SWITCH($B$13,""Feu"",'Recensement DPS'!C7,""Glace"",'Recensement DPS'!E7,""Vent"",'Recensement DPS'!G7,""Terre"",'Recensement DPS'!I7,""Lumière"",'Recensement DPS'!K7,""Ténèbres"",'Recensement DPS'!M7,""Foudre"",'Recensement DPS'!O7),""(?i)(P["&"0-9]+)\s+"",""$1 / "")),"" / "",FALSE,TRUE),1,1),"""")"),"") | R30: =IFERROR(__xludf.DUMMYFUNCTION("IF(Q30="""","""",IFERROR(VALUE(REGEXEXTRACT(Q30,""(?i)P\s*([0-9]+)"")),""""))"),"")
A31: =IF(B31="","",ROW()-14) | P31: ='Recensement DPS'!A7 -> Altor | Q31: =IFERROR(__xludf.DUMMYFUNCTION("IFERROR(INDEX(SPLIT(IF(REGEXMATCH(SWITCH($B$13,""Feu"",'Recensement DPS'!C7,""Glace"",'Recensement DPS'!E7,""Vent"",'Recensement DPS'!G7,""Terre"",'Recensement DPS'!I7,""Lumière"",'Recensement DPS'!K7,""Ténèbres"",'Recensement DPS'!M7,""Foudre"",'Recensem"&"ent DPS'!O7),""/""),SWITCH($B$13,""Feu"",'Recensement DPS'!C7,""Glace"",'Recensement DPS'!E7,""Vent"",'Recensement DPS'!G7,""Terre"",'Recensement DPS'!I7,""Lumière"",'Recensement DPS'!K7,""Ténèbres"",'Recensement DPS'!M7,""Foudre"",'Recensement DPS'!O7),R"&"EGEXREPLACE(SWITCH($B$13,""Feu"",'Recensement DPS'!C7,""Glace"",'Recensement DPS'!E7,""Vent"",'Recensement DPS'!G7,""Terre"",'Recensement DPS'!I7,""Lumière"",'Recensement DPS'!K7,""Ténèbres"",'Recensement DPS'!M7,""Foudre"",'Recensement DPS'!O7),""(?i)(P["&"0-9]+)\s+"",""$1 / "")),"" / "",FALSE,TRUE),1,2),"""")"),"") | R31: =IFERROR(__xludf.DUMMYFUNCTION("IF(Q31="""","""",IFERROR(VALUE(REGEXEXTRACT(Q31,""(?i)P\s*([0-9]+)"")),""""))"),"")
A32: =IF(B32="","",ROW()-14) | P32: ='Recensement DPS'!A7 -> Altor | Q32: =IFERROR(__xludf.DUMMYFUNCTION("IFERROR(INDEX(SPLIT(IF(REGEXMATCH(SWITCH($B$13,""Feu"",'Recensement DPS'!C7,""Glace"",'Recensement DPS'!E7,""Vent"",'Recensement DPS'!G7,""Terre"",'Recensement DPS'!I7,""Lumière"",'Recensement DPS'!K7,""Ténèbres"",'Recensement DPS'!M7,""Foudre"",'Recensem"&"ent DPS'!O7),""/""),SWITCH($B$13,""Feu"",'Recensement DPS'!C7,""Glace"",'Recensement DPS'!E7,""Vent"",'Recensement DPS'!G7,""Terre"",'Recensement DPS'!I7,""Lumière"",'Recensement DPS'!K7,""Ténèbres"",'Recensement DPS'!M7,""Foudre"",'Recensement DPS'!O7),R"&"EGEXREPLACE(SWITCH($B$13,""Feu"",'Recensement DPS'!C7,""Glace"",'Recensement DPS'!E7,""Vent"",'Recensement DPS'!G7,""Terre"",'Recensement DPS'!I7,""Lumière"",'Recensement DPS'!K7,""Ténèbres"",'Recensement DPS'!M7,""Foudre"",'Recensement DPS'!O7),""(?i)(P["&"0-9]+)\s+"",""$1 / "")),"" / "",FALSE,TRUE),1,3),"""")"),"") | R32: =IFERROR(__xludf.DUMMYFUNCTION("IF(Q32="""","""",IFERROR(VALUE(REGEXEXTRACT(Q32,""(?i)P\s*([0-9]+)"")),""""))"),"")
A33: =IF(B33="","",ROW()-14) | P33: ='Recensement DPS'!A7 -> Altor | Q33: =IFERROR(__xludf.DUMMYFUNCTION("IFERROR(INDEX(SPLIT(IF(REGEXMATCH(SWITCH($B$13,""Feu"",'Recensement DPS'!C7,""Glace"",'Recensement DPS'!E7,""Vent"",'Recensement DPS'!G7,""Terre"",'Recensement DPS'!I7,""Lumière"",'Recensement DPS'!K7,""Ténèbres"",'Recensement DPS'!M7,""Foudre"",'Recensem"&"ent DPS'!O7),""/""),SWITCH($B$13,""Feu"",'Recensement DPS'!C7,""Glace"",'Recensement DPS'!E7,""Vent"",'Recensement DPS'!G7,""Terre"",'Recensement DPS'!I7,""Lumière"",'Recensement DPS'!K7,""Ténèbres"",'Recensement DPS'!M7,""Foudre"",'Recensement DPS'!O7),R"&"EGEXREPLACE(SWITCH($B$13,""Feu"",'Recensement DPS'!C7,""Glace"",'Recensement DPS'!E7,""Vent"",'Recensement DPS'!G7,""Terre"",'Recensement DPS'!I7,""Lumière"",'Recensement DPS'!K7,""Ténèbres"",'Recensement DPS'!M7,""Foudre"",'Recensement DPS'!O7),""(?i)(P["&"0-9]+)\s+"",""$1 / "")),"" / "",FALSE,TRUE),1,4),"""")"),"") | R33: =IFERROR(__xludf.DUMMYFUNCTION("IF(Q33="""","""",IFERROR(VALUE(REGEXEXTRACT(Q33,""(?i)P\s*([0-9]+)"")),""""))"),"")
A34: =IF(B34="","",ROW()-14) | P34: ='Recensement DPS'!A7 -> Altor | Q34: =IFERROR(__xludf.DUMMYFUNCTION("IFERROR(INDEX(SPLIT(IF(REGEXMATCH(SWITCH($B$13,""Feu"",'Recensement DPS'!C7,""Glace"",'Recensement DPS'!E7,""Vent"",'Recensement DPS'!G7,""Terre"",'Recensement DPS'!I7,""Lumière"",'Recensement DPS'!K7,""Ténèbres"",'Recensement DPS'!M7,""Foudre"",'Recensem"&"ent DPS'!O7),""/""),SWITCH($B$13,""Feu"",'Recensement DPS'!C7,""Glace"",'Recensement DPS'!E7,""Vent"",'Recensement DPS'!G7,""Terre"",'Recensement DPS'!I7,""Lumière"",'Recensement DPS'!K7,""Ténèbres"",'Recensement DPS'!M7,""Foudre"",'Recensement DPS'!O7),R"&"EGEXREPLACE(SWITCH($B$13,""Feu"",'Recensement DPS'!C7,""Glace"",'Recensement DPS'!E7,""Vent"",'Recensement DPS'!G7,""Terre"",'Recensement DPS'!I7,""Lumière"",'Recensement DPS'!K7,""Ténèbres"",'Recensement DPS'!M7,""Foudre"",'Recensement DPS'!O7),""(?i)(P["&"0-9]+)\s+"",""$1 / "")),"" / "",FALSE,TRUE),1,5),"""")"),"") | R34: =IFERROR(__xludf.DUMMYFUNCTION("IF(Q34="""","""",IFERROR(VALUE(REGEXEXTRACT(Q34,""(?i)P\s*([0-9]+)"")),""""))"),"")
A35: =IF(B35="","",ROW()-14) | P35: ='Recensement DPS'!A8 -> Anto53 | Q35: =IFERROR(__xludf.DUMMYFUNCTION("IFERROR(INDEX(SPLIT(IF(REGEXMATCH(SWITCH($B$13,""Feu"",'Recensement DPS'!C8,""Glace"",'Recensement DPS'!E8,""Vent"",'Recensement DPS'!G8,""Terre"",'Recensement DPS'!I8,""Lumière"",'Recensement DPS'!K8,""Ténèbres"",'Recensement DPS'!M8,""Foudre"",'Recensem"&"ent DPS'!O8),""/""),SWITCH($B$13,""Feu"",'Recensement DPS'!C8,""Glace"",'Recensement DPS'!E8,""Vent"",'Recensement DPS'!G8,""Terre"",'Recensement DPS'!I8,""Lumière"",'Recensement DPS'!K8,""Ténèbres"",'Recensement DPS'!M8,""Foudre"",'Recensement DPS'!O8),R"&"EGEXREPLACE(SWITCH($B$13,""Feu"",'Recensement DPS'!C8,""Glace"",'Recensement DPS'!E8,""Vent"",'Recensement DPS'!G8,""Terre"",'Recensement DPS'!I8,""Lumière"",'Recensement DPS'!K8,""Ténèbres"",'Recensement DPS'!M8,""Foudre"",'Recensement DPS'!O8),""(?i)(P["&"0-9]+)\s+"",""$1 / "")),"" / "",FALSE,TRUE),1,1),"""")"),"") | R35: =IFERROR(__xludf.DUMMYFUNCTION("IF(Q35="""","""",IFERROR(VALUE(REGEXEXTRACT(Q35,""(?i)P\s*([0-9]+)"")),""""))"),"")
A36: =IF(B36="","",ROW()-14) | P36: ='Recensement DPS'!A8 -> Anto53 | Q36: =IFERROR(__xludf.DUMMYFUNCTION("IFERROR(INDEX(SPLIT(IF(REGEXMATCH(SWITCH($B$13,""Feu"",'Recensement DPS'!C8,""Glace"",'Recensement DPS'!E8,""Vent"",'Recensement DPS'!G8,""Terre"",'Recensement DPS'!I8,""Lumière"",'Recensement DPS'!K8,""Ténèbres"",'Recensement DPS'!M8,""Foudre"",'Recensem"&"ent DPS'!O8),""/""),SWITCH($B$13,""Feu"",'Recensement DPS'!C8,""Glace"",'Recensement DPS'!E8,""Vent"",'Recensement DPS'!G8,""Terre"",'Recensement DPS'!I8,""Lumière"",'Recensement DPS'!K8,""Ténèbres"",'Recensement DPS'!M8,""Foudre"",'Recensement DPS'!O8),R"&"EGEXREPLACE(SWITCH($B$13,""Feu"",'Recensement DPS'!C8,""Glace"",'Recensement DPS'!E8,""Vent"",'Recensement DPS'!G8,""Terre"",'Recensement DPS'!I8,""Lumière"",'Recensement DPS'!K8,""Ténèbres"",'Recensement DPS'!M8,""Foudre"",'Recensement DPS'!O8),""(?i)(P["&"0-9]+)\s+"",""$1 / "")),"" / "",FALSE,TRUE),1,2),"""")"),"") | R36: =IFERROR(__xludf.DUMMYFUNCTION("IF(Q36="""","""",IFERROR(VALUE(REGEXEXTRACT(Q36,""(?i)P\s*([0-9]+)"")),""""))"),"")
A37: =IF(B37="","",ROW()-14) | P37: ='Recensement DPS'!A8 -> Anto53 | Q37: =IFERROR(__xludf.DUMMYFUNCTION("IFERROR(INDEX(SPLIT(IF(REGEXMATCH(SWITCH($B$13,""Feu"",'Recensement DPS'!C8,""Glace"",'Recensement DPS'!E8,""Vent"",'Recensement DPS'!G8,""Terre"",'Recensement DPS'!I8,""Lumière"",'Recensement DPS'!K8,""Ténèbres"",'Recensement DPS'!M8,""Foudre"",'Recensem"&"ent DPS'!O8),""/""),SWITCH($B$13,""Feu"",'Recensement DPS'!C8,""Glace"",'Recensement DPS'!E8,""Vent"",'Recensement DPS'!G8,""Terre"",'Recensement DPS'!I8,""Lumière"",'Recensement DPS'!K8,""Ténèbres"",'Recensement DPS'!M8,""Foudre"",'Recensement DPS'!O8),R"&"EGEXREPLACE(SWITCH($B$13,""Feu"",'Recensement DPS'!C8,""Glace"",'Recensement DPS'!E8,""Vent"",'Recensement DPS'!G8,""Terre"",'Recensement DPS'!I8,""Lumière"",'Recensement DPS'!K8,""Ténèbres"",'Recensement DPS'!M8,""Foudre"",'Recensement DPS'!O8),""(?i)(P["&"0-9]+)\s+"",""$1 / "")),"" / "",FALSE,TRUE),1,3),"""")"),"") | R37: =IFERROR(__xludf.DUMMYFUNCTION("IF(Q37="""","""",IFERROR(VALUE(REGEXEXTRACT(Q37,""(?i)P\s*([0-9]+)"")),""""))"),"")
A38: =IF(B38="","",ROW()-14) | P38: ='Recensement DPS'!A8 -> Anto53 | Q38: =IFERROR(__xludf.DUMMYFUNCTION("IFERROR(INDEX(SPLIT(IF(REGEXMATCH(SWITCH($B$13,""Feu"",'Recensement DPS'!C8,""Glace"",'Recensement DPS'!E8,""Vent"",'Recensement DPS'!G8,""Terre"",'Recensement DPS'!I8,""Lumière"",'Recensement DPS'!K8,""Ténèbres"",'Recensement DPS'!M8,""Foudre"",'Recensem"&"ent DPS'!O8),""/""),SWITCH($B$13,""Feu"",'Recensement DPS'!C8,""Glace"",'Recensement DPS'!E8,""Vent"",'Recensement DPS'!G8,""Terre"",'Recensement DPS'!I8,""Lumière"",'Recensement DPS'!K8,""Ténèbres"",'Recensement DPS'!M8,""Foudre"",'Recensement DPS'!O8),R"&"EGEXREPLACE(SWITCH($B$13,""Feu"",'Recensement DPS'!C8,""Glace"",'Recensement DPS'!E8,""Vent"",'Recensement DPS'!G8,""Terre"",'Recensement DPS'!I8,""Lumière"",'Recensement DPS'!K8,""Ténèbres"",'Recensement DPS'!M8,""Foudre"",'Recensement DPS'!O8),""(?i)(P["&"0-9]+)\s+"",""$1 / "")),"" / "",FALSE,TRUE),1,4),"""")"),"") | R38: =IFERROR(__xludf.DUMMYFUNCTION("IF(Q38="""","""",IFERROR(VALUE(REGEXEXTRACT(Q38,""(?i)P\s*([0-9]+)"")),""""))"),"")
A39: =IF(B39="","",ROW()-14) | P39: ='Recensement DPS'!A8 -> Anto53 | Q39: =IFERROR(__xludf.DUMMYFUNCTION("IFERROR(INDEX(SPLIT(IF(REGEXMATCH(SWITCH($B$13,""Feu"",'Recensement DPS'!C8,""Glace"",'Recensement DPS'!E8,""Vent"",'Recensement DPS'!G8,""Terre"",'Recensement DPS'!I8,""Lumière"",'Recensement DPS'!K8,""Ténèbres"",'Recensement DPS'!M8,""Foudre"",'Recensem"&"ent DPS'!O8),""/""),SWITCH($B$13,""Feu"",'Recensement DPS'!C8,""Glace"",'Recensement DPS'!E8,""Vent"",'Recensement DPS'!G8,""Terre"",'Recensement DPS'!I8,""Lumière"",'Recensement DPS'!K8,""Ténèbres"",'Recensement DPS'!M8,""Foudre"",'Recensement DPS'!O8),R"&"EGEXREPLACE(SWITCH($B$13,""Feu"",'Recensement DPS'!C8,""Glace"",'Recensement DPS'!E8,""Vent"",'Recensement DPS'!G8,""Terre"",'Recensement DPS'!I8,""Lumière"",'Recensement DPS'!K8,""Ténèbres"",'Recensement DPS'!M8,""Foudre"",'Recensement DPS'!O8),""(?i)(P["&"0-9]+)\s+"",""$1 / "")),"" / "",FALSE,TRUE),1,5),"""")"),"") | R39: =IFERROR(__xludf.DUMMYFUNCTION("IF(Q39="""","""",IFERROR(VALUE(REGEXEXTRACT(Q39,""(?i)P\s*([0-9]+)"")),""""))"),"")
A40: =IF(B40="","",ROW()-14) | P40: ='Recensement DPS'!A9 -> BarracudaGN | Q40: =IFERROR(__xludf.DUMMYFUNCTION("IFERROR(INDEX(SPLIT(IF(REGEXMATCH(SWITCH($B$13,""Feu"",'Recensement DPS'!C9,""Glace"",'Recensement DPS'!E9,""Vent"",'Recensement DPS'!G9,""Terre"",'Recensement DPS'!I9,""Lumière"",'Recensement DPS'!K9,""Ténèbres"",'Recensement DPS'!M9,""Foudre"",'Recensem"&"ent DPS'!O9),""/""),SWITCH($B$13,""Feu"",'Recensement DPS'!C9,""Glace"",'Recensement DPS'!E9,""Vent"",'Recensement DPS'!G9,""Terre"",'Recensement DPS'!I9,""Lumière"",'Recensement DPS'!K9,""Ténèbres"",'Recensement DPS'!M9,""Foudre"",'Recensement DPS'!O9),R"&"EGEXREPLACE(SWITCH($B$13,""Feu"",'Recensement DPS'!C9,""Glace"",'Recensement DPS'!E9,""Vent"",'Recensement DPS'!G9,""Terre"",'Recensement DPS'!I9,""Lumière"",'Recensement DPS'!K9,""Ténèbres"",'Recensement DPS'!M9,""Foudre"",'Recensement DPS'!O9),""(?i)(P["&"0-9]+)\s+"",""$1 / "")),"" / "",FALSE,TRUE),1,1),"""")"),"") | R40: =IFERROR(__xludf.DUMMYFUNCTION("IF(Q40="""","""",IFERROR(VALUE(REGEXEXTRACT(Q40,""(?i)P\s*([0-9]+)"")),""""))"),"")
A41: =IF(B41="","",ROW()-14) | P41: ='Recensement DPS'!A9 -> BarracudaGN | Q41: =IFERROR(__xludf.DUMMYFUNCTION("IFERROR(INDEX(SPLIT(IF(REGEXMATCH(SWITCH($B$13,""Feu"",'Recensement DPS'!C9,""Glace"",'Recensement DPS'!E9,""Vent"",'Recensement DPS'!G9,""Terre"",'Recensement DPS'!I9,""Lumière"",'Recensement DPS'!K9,""Ténèbres"",'Recensement DPS'!M9,""Foudre"",'Recensem"&"ent DPS'!O9),""/""),SWITCH($B$13,""Feu"",'Recensement DPS'!C9,""Glace"",'Recensement DPS'!E9,""Vent"",'Recensement DPS'!G9,""Terre"",'Recensement DPS'!I9,""Lumière"",'Recensement DPS'!K9,""Ténèbres"",'Recensement DPS'!M9,""Foudre"",'Recensement DPS'!O9),R"&"EGEXREPLACE(SWITCH($B$13,""Feu"",'Recensement DPS'!C9,""Glace"",'Recensement DPS'!E9,""Vent"",'Recensement DPS'!G9,""Terre"",'Recensement DPS'!I9,""Lumière"",'Recensement DPS'!K9,""Ténèbres"",'Recensement DPS'!M9,""Foudre"",'Recensement DPS'!O9),""(?i)(P["&"0-9]+)\s+"",""$1 / "")),"" / "",FALSE,TRUE),1,2),"""")"),"") | R41: =IFERROR(__xludf.DUMMYFUNCTION("IF(Q41="""","""",IFERROR(VALUE(REGEXEXTRACT(Q41,""(?i)P\s*([0-9]+)"")),""""))"),"")
A42: =IF(B42="","",ROW()-14) | P42: ='Recensement DPS'!A9 -> BarracudaGN | Q42: =IFERROR(__xludf.DUMMYFUNCTION("IFERROR(INDEX(SPLIT(IF(REGEXMATCH(SWITCH($B$13,""Feu"",'Recensement DPS'!C9,""Glace"",'Recensement DPS'!E9,""Vent"",'Recensement DPS'!G9,""Terre"",'Recensement DPS'!I9,""Lumière"",'Recensement DPS'!K9,""Ténèbres"",'Recensement DPS'!M9,""Foudre"",'Recensem"&"ent DPS'!O9),""/""),SWITCH($B$13,""Feu"",'Recensement DPS'!C9,""Glace"",'Recensement DPS'!E9,""Vent"",'Recensement DPS'!G9,""Terre"",'Recensement DPS'!I9,""Lumière"",'Recensement DPS'!K9,""Ténèbres"",'Recensement DPS'!M9,""Foudre"",'Recensement DPS'!O9),R"&"EGEXREPLACE(SWITCH($B$13,""Feu"",'Recensement DPS'!C9,""Glace"",'Recensement DPS'!E9,""Vent"",'Recensement DPS'!G9,""Terre"",'Recensement DPS'!I9,""Lumière"",'Recensement DPS'!K9,""Ténèbres"",'Recensement DPS'!M9,""Foudre"",'Recensement DPS'!O9),""(?i)(P["&"0-9]+)\s+"",""$1 / "")),"" / "",FALSE,TRUE),1,3),"""")"),"") | R42: =IFERROR(__xludf.DUMMYFUNCTION("IF(Q42="""","""",IFERROR(VALUE(REGEXEXTRACT(Q42,""(?i)P\s*([0-9]+)"")),""""))"),"")
A43: =IF(B43="","",ROW()-14) | P43: ='Recensement DPS'!A9 -> BarracudaGN | Q43: =IFERROR(__xludf.DUMMYFUNCTION("IFERROR(INDEX(SPLIT(IF(REGEXMATCH(SWITCH($B$13,""Feu"",'Recensement DPS'!C9,""Glace"",'Recensement DPS'!E9,""Vent"",'Recensement DPS'!G9,""Terre"",'Recensement DPS'!I9,""Lumière"",'Recensement DPS'!K9,""Ténèbres"",'Recensement DPS'!M9,""Foudre"",'Recensem"&"ent DPS'!O9),""/""),SWITCH($B$13,""Feu"",'Recensement DPS'!C9,""Glace"",'Recensement DPS'!E9,""Vent"",'Recensement DPS'!G9,""Terre"",'Recensement DPS'!I9,""Lumière"",'Recensement DPS'!K9,""Ténèbres"",'Recensement DPS'!M9,""Foudre"",'Recensement DPS'!O9),R"&"EGEXREPLACE(SWITCH($B$13,""Feu"",'Recensement DPS'!C9,""Glace"",'Recensement DPS'!E9,""Vent"",'Recensement DPS'!G9,""Terre"",'Recensement DPS'!I9,""Lumière"",'Recensement DPS'!K9,""Ténèbres"",'Recensement DPS'!M9,""Foudre"",'Recensement DPS'!O9),""(?i)(P["&"0-9]+)\s+"",""$1 / "")),"" / "",FALSE,TRUE),1,4),"""")"),"") | R43: =IFERROR(__xludf.DUMMYFUNCTION("IF(Q43="""","""",IFERROR(VALUE(REGEXEXTRACT(Q43,""(?i)P\s*([0-9]+)"")),""""))"),"")
A44: =IF(B44="","",ROW()-14) | P44: ='Recensement DPS'!A9 -> BarracudaGN | Q44: =IFERROR(__xludf.DUMMYFUNCTION("IFERROR(INDEX(SPLIT(IF(REGEXMATCH(SWITCH($B$13,""Feu"",'Recensement DPS'!C9,""Glace"",'Recensement DPS'!E9,""Vent"",'Recensement DPS'!G9,""Terre"",'Recensement DPS'!I9,""Lumière"",'Recensement DPS'!K9,""Ténèbres"",'Recensement DPS'!M9,""Foudre"",'Recensem"&"ent DPS'!O9),""/""),SWITCH($B$13,""Feu"",'Recensement DPS'!C9,""Glace"",'Recensement DPS'!E9,""Vent"",'Recensement DPS'!G9,""Terre"",'Recensement DPS'!I9,""Lumière"",'Recensement DPS'!K9,""Ténèbres"",'Recensement DPS'!M9,""Foudre"",'Recensement DPS'!O9),R"&"EGEXREPLACE(SWITCH($B$13,""Feu"",'Recensement DPS'!C9,""Glace"",'Recensement DPS'!E9,""Vent"",'Recensement DPS'!G9,""Terre"",'Recensement DPS'!I9,""Lumière"",'Recensement DPS'!K9,""Ténèbres"",'Recensement DPS'!M9,""Foudre"",'Recensement DPS'!O9),""(?i)(P["&"0-9]+)\s+"",""$1 / "")),"" / "",FALSE,TRUE),1,5),"""")"),"") | R44: =IFERROR(__xludf.DUMMYFUNCTION("IF(Q44="""","""",IFERROR(VALUE(REGEXEXTRACT(Q44,""(?i)P\s*([0-9]+)"")),""""))"),"")
A45: =IF(B45="","",ROW()-14) | P45: ='Recensement DPS'!A10 -> Behemoth | Q45: =IFERROR(__xludf.DUMMYFUNCTION("IFERROR(INDEX(SPLIT(IF(REGEXMATCH(SWITCH($B$13,""Feu"",'Recensement DPS'!C10,""Glace"",'Recensement DPS'!E10,""Vent"",'Recensement DPS'!G10,""Terre"",'Recensement DPS'!I10,""Lumière"",'Recensement DPS'!K10,""Ténèbres"",'Recensement DPS'!M10,""Foudre"",'Re"&"censement DPS'!O10),""/""),SWITCH($B$13,""Feu"",'Recensement DPS'!C10,""Glace"",'Recensement DPS'!E10,""Vent"",'Recensement DPS'!G10,""Terre"",'Recensement DPS'!I10,""Lumière"",'Recensement DPS'!K10,""Ténèbres"",'Recensement DPS'!M10,""Foudre"",'Recenseme"&"nt DPS'!O10),REGEXREPLACE(SWITCH($B$13,""Feu"",'Recensement DPS'!C10,""Glace"",'Recensement DPS'!E10,""Vent"",'Recensement DPS'!G10,""Terre"",'Recensement DPS'!I10,""Lumière"",'Recensement DPS'!K10,""Ténèbres"",'Recensement DPS'!M10,""Foudre"",'Recensemen"&"t DPS'!O10),""(?i)(P[0-9]+)\s+"",""$1 / "")),"" / "",FALSE,TRUE),1,1),"""")"),"") | R45: =IFERROR(__xludf.DUMMYFUNCTION("IF(Q45="""","""",IFERROR(VALUE(REGEXEXTRACT(Q45,""(?i)P\s*([0-9]+)"")),""""))"),"")
A46: =IF(B46="","",ROW()-14) | P46: ='Recensement DPS'!A10 -> Behemoth | Q46: =IFERROR(__xludf.DUMMYFUNCTION("IFERROR(INDEX(SPLIT(IF(REGEXMATCH(SWITCH($B$13,""Feu"",'Recensement DPS'!C10,""Glace"",'Recensement DPS'!E10,""Vent"",'Recensement DPS'!G10,""Terre"",'Recensement DPS'!I10,""Lumière"",'Recensement DPS'!K10,""Ténèbres"",'Recensement DPS'!M10,""Foudre"",'Re"&"censement DPS'!O10),""/""),SWITCH($B$13,""Feu"",'Recensement DPS'!C10,""Glace"",'Recensement DPS'!E10,""Vent"",'Recensement DPS'!G10,""Terre"",'Recensement DPS'!I10,""Lumière"",'Recensement DPS'!K10,""Ténèbres"",'Recensement DPS'!M10,""Foudre"",'Recenseme"&"nt DPS'!O10),REGEXREPLACE(SWITCH($B$13,""Feu"",'Recensement DPS'!C10,""Glace"",'Recensement DPS'!E10,""Vent"",'Recensement DPS'!G10,""Terre"",'Recensement DPS'!I10,""Lumière"",'Recensement DPS'!K10,""Ténèbres"",'Recensement DPS'!M10,""Foudre"",'Recensemen"&"t DPS'!O10),""(?i)(P[0-9]+)\s+"",""$1 / "")),"" / "",FALSE,TRUE),1,2),"""")"),"") | R46: =IFERROR(__xludf.DUMMYFUNCTION("IF(Q46="""","""",IFERROR(VALUE(REGEXEXTRACT(Q46,""(?i)P\s*([0-9]+)"")),""""))"),"")
A47: =IF(B47="","",ROW()-14) | P47: ='Recensement DPS'!A10 -> Behemoth | Q47: =IFERROR(__xludf.DUMMYFUNCTION("IFERROR(INDEX(SPLIT(IF(REGEXMATCH(SWITCH($B$13,""Feu"",'Recensement DPS'!C10,""Glace"",'Recensement DPS'!E10,""Vent"",'Recensement DPS'!G10,""Terre"",'Recensement DPS'!I10,""Lumière"",'Recensement DPS'!K10,""Ténèbres"",'Recensement DPS'!M10,""Foudre"",'Re"&"censement DPS'!O10),""/""),SWITCH($B$13,""Feu"",'Recensement DPS'!C10,""Glace"",'Recensement DPS'!E10,""Vent"",'Recensement DPS'!G10,""Terre"",'Recensement DPS'!I10,""Lumière"",'Recensement DPS'!K10,""Ténèbres"",'Recensement DPS'!M10,""Foudre"",'Recenseme"&"nt DPS'!O10),REGEXREPLACE(SWITCH($B$13,""Feu"",'Recensement DPS'!C10,""Glace"",'Recensement DPS'!E10,""Vent"",'Recensement DPS'!G10,""Terre"",'Recensement DPS'!I10,""Lumière"",'Recensement DPS'!K10,""Ténèbres"",'Recensement DPS'!M10,""Foudre"",'Recensemen"&"t DPS'!O10),""(?i)(P[0-9]+)\s+"",""$1 / "")),"" / "",FALSE,TRUE),1,3),"""")"),"") | R47: =IFERROR(__xludf.DUMMYFUNCTION("IF(Q47="""","""",IFERROR(VALUE(REGEXEXTRACT(Q47,""(?i)P\s*([0-9]+)"")),""""))"),"")
A48: =IF(B48="","",ROW()-14) | P48: ='Recensement DPS'!A10 -> Behemoth | Q48: =IFERROR(__xludf.DUMMYFUNCTION("IFERROR(INDEX(SPLIT(IF(REGEXMATCH(SWITCH($B$13,""Feu"",'Recensement DPS'!C10,""Glace"",'Recensement DPS'!E10,""Vent"",'Recensement DPS'!G10,""Terre"",'Recensement DPS'!I10,""Lumière"",'Recensement DPS'!K10,""Ténèbres"",'Recensement DPS'!M10,""Foudre"",'Re"&"censement DPS'!O10),""/""),SWITCH($B$13,""Feu"",'Recensement DPS'!C10,""Glace"",'Recensement DPS'!E10,""Vent"",'Recensement DPS'!G10,""Terre"",'Recensement DPS'!I10,""Lumière"",'Recensement DPS'!K10,""Ténèbres"",'Recensement DPS'!M10,""Foudre"",'Recenseme"&"nt DPS'!O10),REGEXREPLACE(SWITCH($B$13,""Feu"",'Recensement DPS'!C10,""Glace"",'Recensement DPS'!E10,""Vent"",'Recensement DPS'!G10,""Terre"",'Recensement DPS'!I10,""Lumière"",'Recensement DPS'!K10,""Ténèbres"",'Recensement DPS'!M10,""Foudre"",'Recensemen"&"t DPS'!O10),""(?i)(P[0-9]+)\s+"",""$1 / "")),"" / "",FALSE,TRUE),1,4),"""")"),"") | R48: =IFERROR(__xludf.DUMMYFUNCTION("IF(Q48="""","""",IFERROR(VALUE(REGEXEXTRACT(Q48,""(?i)P\s*([0-9]+)"")),""""))"),"")
A49: =IF(B49="","",ROW()-14) | P49: ='Recensement DPS'!A10 -> Behemoth | Q49: =IFERROR(__xludf.DUMMYFUNCTION("IFERROR(INDEX(SPLIT(IF(REGEXMATCH(SWITCH($B$13,""Feu"",'Recensement DPS'!C10,""Glace"",'Recensement DPS'!E10,""Vent"",'Recensement DPS'!G10,""Terre"",'Recensement DPS'!I10,""Lumière"",'Recensement DPS'!K10,""Ténèbres"",'Recensement DPS'!M10,""Foudre"",'Re"&"censement DPS'!O10),""/""),SWITCH($B$13,""Feu"",'Recensement DPS'!C10,""Glace"",'Recensement DPS'!E10,""Vent"",'Recensement DPS'!G10,""Terre"",'Recensement DPS'!I10,""Lumière"",'Recensement DPS'!K10,""Ténèbres"",'Recensement DPS'!M10,""Foudre"",'Recenseme"&"nt DPS'!O10),REGEXREPLACE(SWITCH($B$13,""Feu"",'Recensement DPS'!C10,""Glace"",'Recensement DPS'!E10,""Vent"",'Recensement DPS'!G10,""Terre"",'Recensement DPS'!I10,""Lumière"",'Recensement DPS'!K10,""Ténèbres"",'Recensement DPS'!M10,""Foudre"",'Recensemen"&"t DPS'!O10),""(?i)(P[0-9]+)\s+"",""$1 / "")),"" / "",FALSE,TRUE),1,5),"""")"),"") | R49: =IFERROR(__xludf.DUMMYFUNCTION("IF(Q49="""","""",IFERROR(VALUE(REGEXEXTRACT(Q49,""(?i)P\s*([0-9]+)"")),""""))"),"")
A50: =IF(B50="","",ROW()-14) | P50: ='Recensement DPS'!A11 -> Casté | Q50: =IFERROR(__xludf.DUMMYFUNCTION("IFERROR(INDEX(SPLIT(IF(REGEXMATCH(SWITCH($B$13,""Feu"",'Recensement DPS'!C11,""Glace"",'Recensement DPS'!E11,""Vent"",'Recensement DPS'!G11,""Terre"",'Recensement DPS'!I11,""Lumière"",'Recensement DPS'!K11,""Ténèbres"",'Recensement DPS'!M11,""Foudre"",'Re"&"censement DPS'!O11),""/""),SWITCH($B$13,""Feu"",'Recensement DPS'!C11,""Glace"",'Recensement DPS'!E11,""Vent"",'Recensement DPS'!G11,""Terre"",'Recensement DPS'!I11,""Lumière"",'Recensement DPS'!K11,""Ténèbres"",'Recensement DPS'!M11,""Foudre"",'Recenseme"&"nt DPS'!O11),REGEXREPLACE(SWITCH($B$13,""Feu"",'Recensement DPS'!C11,""Glace"",'Recensement DPS'!E11,""Vent"",'Recensement DPS'!G11,""Terre"",'Recensement DPS'!I11,""Lumière"",'Recensement DPS'!K11,""Ténèbres"",'Recensement DPS'!M11,""Foudre"",'Recensemen"&"t DPS'!O11),""(?i)(P[0-9]+)\s+"",""$1 / "")),"" / "",FALSE,TRUE),1,1),"""")"),"") | R50: =IFERROR(__xludf.DUMMYFUNCTION("IF(Q50="""","""",IFERROR(VALUE(REGEXEXTRACT(Q50,""(?i)P\s*([0-9]+)"")),""""))"),"")
A51: =IF(B51="","",ROW()-14) | P51: ='Recensement DPS'!A11 -> Casté | Q51: =IFERROR(__xludf.DUMMYFUNCTION("IFERROR(INDEX(SPLIT(IF(REGEXMATCH(SWITCH($B$13,""Feu"",'Recensement DPS'!C11,""Glace"",'Recensement DPS'!E11,""Vent"",'Recensement DPS'!G11,""Terre"",'Recensement DPS'!I11,""Lumière"",'Recensement DPS'!K11,""Ténèbres"",'Recensement DPS'!M11,""Foudre"",'Re"&"censement DPS'!O11),""/""),SWITCH($B$13,""Feu"",'Recensement DPS'!C11,""Glace"",'Recensement DPS'!E11,""Vent"",'Recensement DPS'!G11,""Terre"",'Recensement DPS'!I11,""Lumière"",'Recensement DPS'!K11,""Ténèbres"",'Recensement DPS'!M11,""Foudre"",'Recenseme"&"nt DPS'!O11),REGEXREPLACE(SWITCH($B$13,""Feu"",'Recensement DPS'!C11,""Glace"",'Recensement DPS'!E11,""Vent"",'Recensement DPS'!G11,""Terre"",'Recensement DPS'!I11,""Lumière"",'Recensement DPS'!K11,""Ténèbres"",'Recensement DPS'!M11,""Foudre"",'Recensemen"&"t DPS'!O11),""(?i)(P[0-9]+)\s+"",""$1 / "")),"" / "",FALSE,TRUE),1,2),"""")"),"") | R51: =IFERROR(__xludf.DUMMYFUNCTION("IF(Q51="""","""",IFERROR(VALUE(REGEXEXTRACT(Q51,""(?i)P\s*([0-9]+)"")),""""))"),"")
A52: =IF(B52="","",ROW()-14) | P52: ='Recensement DPS'!A11 -> Casté | Q52: =IFERROR(__xludf.DUMMYFUNCTION("IFERROR(INDEX(SPLIT(IF(REGEXMATCH(SWITCH($B$13,""Feu"",'Recensement DPS'!C11,""Glace"",'Recensement DPS'!E11,""Vent"",'Recensement DPS'!G11,""Terre"",'Recensement DPS'!I11,""Lumière"",'Recensement DPS'!K11,""Ténèbres"",'Recensement DPS'!M11,""Foudre"",'Re"&"censement DPS'!O11),""/""),SWITCH($B$13,""Feu"",'Recensement DPS'!C11,""Glace"",'Recensement DPS'!E11,""Vent"",'Recensement DPS'!G11,""Terre"",'Recensement DPS'!I11,""Lumière"",'Recensement DPS'!K11,""Ténèbres"",'Recensement DPS'!M11,""Foudre"",'Recenseme"&"nt DPS'!O11),REGEXREPLACE(SWITCH($B$13,""Feu"",'Recensement DPS'!C11,""Glace"",'Recensement DPS'!E11,""Vent"",'Recensement DPS'!G11,""Terre"",'Recensement DPS'!I11,""Lumière"",'Recensement DPS'!K11,""Ténèbres"",'Recensement DPS'!M11,""Foudre"",'Recensemen"&"t DPS'!O11),""(?i)(P[0-9]+)\s+"",""$1 / "")),"" / "",FALSE,TRUE),1,3),"""")"),"") | R52: =IFERROR(__xludf.DUMMYFUNCTION("IF(Q52="""","""",IFERROR(VALUE(REGEXEXTRACT(Q52,""(?i)P\s*([0-9]+)"")),""""))"),"")
A53: =IF(B53="","",ROW()-14) | P53: ='Recensement DPS'!A11 -> Casté | Q53: =IFERROR(__xludf.DUMMYFUNCTION("IFERROR(INDEX(SPLIT(IF(REGEXMATCH(SWITCH($B$13,""Feu"",'Recensement DPS'!C11,""Glace"",'Recensement DPS'!E11,""Vent"",'Recensement DPS'!G11,""Terre"",'Recensement DPS'!I11,""Lumière"",'Recensement DPS'!K11,""Ténèbres"",'Recensement DPS'!M11,""Foudre"",'Re"&"censement DPS'!O11),""/""),SWITCH($B$13,""Feu"",'Recensement DPS'!C11,""Glace"",'Recensement DPS'!E11,""Vent"",'Recensement DPS'!G11,""Terre"",'Recensement DPS'!I11,""Lumière"",'Recensement DPS'!K11,""Ténèbres"",'Recensement DPS'!M11,""Foudre"",'Recenseme"&"nt DPS'!O11),REGEXREPLACE(SWITCH($B$13,""Feu"",'Recensement DPS'!C11,""Glace"",'Recensement DPS'!E11,""Vent"",'Recensement DPS'!G11,""Terre"",'Recensement DPS'!I11,""Lumière"",'Recensement DPS'!K11,""Ténèbres"",'Recensement DPS'!M11,""Foudre"",'Recensemen"&"t DPS'!O11),""(?i)(P[0-9]+)\s+"",""$1 / "")),"" / "",FALSE,TRUE),1,4),"""")"),"") | R53: =IFERROR(__xludf.DUMMYFUNCTION("IF(Q53="""","""",IFERROR(VALUE(REGEXEXTRACT(Q53,""(?i)P\s*([0-9]+)"")),""""))"),"")
A54: =IF(B54="","",ROW()-14) | P54: ='Recensement DPS'!A11 -> Casté | Q54: =IFERROR(__xludf.DUMMYFUNCTION("IFERROR(INDEX(SPLIT(IF(REGEXMATCH(SWITCH($B$13,""Feu"",'Recensement DPS'!C11,""Glace"",'Recensement DPS'!E11,""Vent"",'Recensement DPS'!G11,""Terre"",'Recensement DPS'!I11,""Lumière"",'Recensement DPS'!K11,""Ténèbres"",'Recensement DPS'!M11,""Foudre"",'Re"&"censement DPS'!O11),""/""),SWITCH($B$13,""Feu"",'Recensement DPS'!C11,""Glace"",'Recensement DPS'!E11,""Vent"",'Recensement DPS'!G11,""Terre"",'Recensement DPS'!I11,""Lumière"",'Recensement DPS'!K11,""Ténèbres"",'Recensement DPS'!M11,""Foudre"",'Recenseme"&"nt DPS'!O11),REGEXREPLACE(SWITCH($B$13,""Feu"",'Recensement DPS'!C11,""Glace"",'Recensement DPS'!E11,""Vent"",'Recensement DPS'!G11,""Terre"",'Recensement DPS'!I11,""Lumière"",'Recensement DPS'!K11,""Ténèbres"",'Recensement DPS'!M11,""Foudre"",'Recensemen"&"t DPS'!O11),""(?i)(P[0-9]+)\s+"",""$1 / "")),"" / "",FALSE,TRUE),1,5),"""")"),"") | R54: =IFERROR(__xludf.DUMMYFUNCTION("IF(Q54="""","""",IFERROR(VALUE(REGEXEXTRACT(Q54,""(?i)P\s*([0-9]+)"")),""""))"),"")
A55: =IF(B55="","",ROW()-14) | P55: ='Recensement DPS'!A12 -> Eyael | Q55: =IFERROR(__xludf.DUMMYFUNCTION("IFERROR(INDEX(SPLIT(IF(REGEXMATCH(SWITCH($B$13,""Feu"",'Recensement DPS'!C12,""Glace"",'Recensement DPS'!E12,""Vent"",'Recensement DPS'!G12,""Terre"",'Recensement DPS'!I12,""Lumière"",'Recensement DPS'!K12,""Ténèbres"",'Recensement DPS'!M12,""Foudre"",'Re"&"censement DPS'!O12),""/""),SWITCH($B$13,""Feu"",'Recensement DPS'!C12,""Glace"",'Recensement DPS'!E12,""Vent"",'Recensement DPS'!G12,""Terre"",'Recensement DPS'!I12,""Lumière"",'Recensement DPS'!K12,""Ténèbres"",'Recensement DPS'!M12,""Foudre"",'Recenseme"&"nt DPS'!O12),REGEXREPLACE(SWITCH($B$13,""Feu"",'Recensement DPS'!C12,""Glace"",'Recensement DPS'!E12,""Vent"",'Recensement DPS'!G12,""Terre"",'Recensement DPS'!I12,""Lumière"",'Recensement DPS'!K12,""Ténèbres"",'Recensement DPS'!M12,""Foudre"",'Recensemen"&"t DPS'!O12),""(?i)(P[0-9]+)\s+"",""$1 / "")),"" / "",FALSE,TRUE),1,1),"""")"),"") | R55: =IFERROR(__xludf.DUMMYFUNCTION("IF(Q55="""","""",IFERROR(VALUE(REGEXEXTRACT(Q55,""(?i)P\s*([0-9]+)"")),""""))"),"")
A56: =IF(B56="","",ROW()-14) | P56: ='Recensement DPS'!A12 -> Eyael | Q56: =IFERROR(__xludf.DUMMYFUNCTION("IFERROR(INDEX(SPLIT(IF(REGEXMATCH(SWITCH($B$13,""Feu"",'Recensement DPS'!C12,""Glace"",'Recensement DPS'!E12,""Vent"",'Recensement DPS'!G12,""Terre"",'Recensement DPS'!I12,""Lumière"",'Recensement DPS'!K12,""Ténèbres"",'Recensement DPS'!M12,""Foudre"",'Re"&"censement DPS'!O12),""/""),SWITCH($B$13,""Feu"",'Recensement DPS'!C12,""Glace"",'Recensement DPS'!E12,""Vent"",'Recensement DPS'!G12,""Terre"",'Recensement DPS'!I12,""Lumière"",'Recensement DPS'!K12,""Ténèbres"",'Recensement DPS'!M12,""Foudre"",'Recenseme"&"nt DPS'!O12),REGEXREPLACE(SWITCH($B$13,""Feu"",'Recensement DPS'!C12,""Glace"",'Recensement DPS'!E12,""Vent"",'Recensement DPS'!G12,""Terre"",'Recensement DPS'!I12,""Lumière"",'Recensement DPS'!K12,""Ténèbres"",'Recensement DPS'!M12,""Foudre"",'Recensemen"&"t DPS'!O12),""(?i)(P[0-9]+)\s+"",""$1 / "")),"" / "",FALSE,TRUE),1,2),"""")"),"") | R56: =IFERROR(__xludf.DUMMYFUNCTION("IF(Q56="""","""",IFERROR(VALUE(REGEXEXTRACT(Q56,""(?i)P\s*([0-9]+)"")),""""))"),"")
A57: =IF(B57="","",ROW()-14) | P57: ='Recensement DPS'!A12 -> Eyael | Q57: =IFERROR(__xludf.DUMMYFUNCTION("IFERROR(INDEX(SPLIT(IF(REGEXMATCH(SWITCH($B$13,""Feu"",'Recensement DPS'!C12,""Glace"",'Recensement DPS'!E12,""Vent"",'Recensement DPS'!G12,""Terre"",'Recensement DPS'!I12,""Lumière"",'Recensement DPS'!K12,""Ténèbres"",'Recensement DPS'!M12,""Foudre"",'Re"&"censement DPS'!O12),""/""),SWITCH($B$13,""Feu"",'Recensement DPS'!C12,""Glace"",'Recensement DPS'!E12,""Vent"",'Recensement DPS'!G12,""Terre"",'Recensement DPS'!I12,""Lumière"",'Recensement DPS'!K12,""Ténèbres"",'Recensement DPS'!M12,""Foudre"",'Recenseme"&"nt DPS'!O12),REGEXREPLACE(SWITCH($B$13,""Feu"",'Recensement DPS'!C12,""Glace"",'Recensement DPS'!E12,""Vent"",'Recensement DPS'!G12,""Terre"",'Recensement DPS'!I12,""Lumière"",'Recensement DPS'!K12,""Ténèbres"",'Recensement DPS'!M12,""Foudre"",'Recensemen"&"t DPS'!O12),""(?i)(P[0-9]+)\s+"",""$1 / "")),"" / "",FALSE,TRUE),1,3),"""")"),"") | R57: =IFERROR(__xludf.DUMMYFUNCTION("IF(Q57="""","""",IFERROR(VALUE(REGEXEXTRACT(Q57,""(?i)P\s*([0-9]+)"")),""""))"),"")
A58: =IF(B58="","",ROW()-14) | P58: ='Recensement DPS'!A12 -> Eyael | Q58: =IFERROR(__xludf.DUMMYFUNCTION("IFERROR(INDEX(SPLIT(IF(REGEXMATCH(SWITCH($B$13,""Feu"",'Recensement DPS'!C12,""Glace"",'Recensement DPS'!E12,""Vent"",'Recensement DPS'!G12,""Terre"",'Recensement DPS'!I12,""Lumière"",'Recensement DPS'!K12,""Ténèbres"",'Recensement DPS'!M12,""Foudre"",'Re"&"censement DPS'!O12),""/""),SWITCH($B$13,""Feu"",'Recensement DPS'!C12,""Glace"",'Recensement DPS'!E12,""Vent"",'Recensement DPS'!G12,""Terre"",'Recensement DPS'!I12,""Lumière"",'Recensement DPS'!K12,""Ténèbres"",'Recensement DPS'!M12,""Foudre"",'Recenseme"&"nt DPS'!O12),REGEXREPLACE(SWITCH($B$13,""Feu"",'Recensement DPS'!C12,""Glace"",'Recensement DPS'!E12,""Vent"",'Recensement DPS'!G12,""Terre"",'Recensement DPS'!I12,""Lumière"",'Recensement DPS'!K12,""Ténèbres"",'Recensement DPS'!M12,""Foudre"",'Recensemen"&"t DPS'!O12),""(?i)(P[0-9]+)\s+"",""$1 / "")),"" / "",FALSE,TRUE),1,4),"""")"),"") | R58: =IFERROR(__xludf.DUMMYFUNCTION("IF(Q58="""","""",IFERROR(VALUE(REGEXEXTRACT(Q58,""(?i)P\s*([0-9]+)"")),""""))"),"")
A59: =IF(B59="","",ROW()-14) | P59: ='Recensement DPS'!A12 -> Eyael | Q59: =IFERROR(__xludf.DUMMYFUNCTION("IFERROR(INDEX(SPLIT(IF(REGEXMATCH(SWITCH($B$13,""Feu"",'Recensement DPS'!C12,""Glace"",'Recensement DPS'!E12,""Vent"",'Recensement DPS'!G12,""Terre"",'Recensement DPS'!I12,""Lumière"",'Recensement DPS'!K12,""Ténèbres"",'Recensement DPS'!M12,""Foudre"",'Re"&"censement DPS'!O12),""/""),SWITCH($B$13,""Feu"",'Recensement DPS'!C12,""Glace"",'Recensement DPS'!E12,""Vent"",'Recensement DPS'!G12,""Terre"",'Recensement DPS'!I12,""Lumière"",'Recensement DPS'!K12,""Ténèbres"",'Recensement DPS'!M12,""Foudre"",'Recenseme"&"nt DPS'!O12),REGEXREPLACE(SWITCH($B$13,""Feu"",'Recensement DPS'!C12,""Glace"",'Recensement DPS'!E12,""Vent"",'Recensement DPS'!G12,""Terre"",'Recensement DPS'!I12,""Lumière"",'Recensement DPS'!K12,""Ténèbres"",'Recensement DPS'!M12,""Foudre"",'Recensemen"&"t DPS'!O12),""(?i)(P[0-9]+)\s+"",""$1 / "")),"" / "",FALSE,TRUE),1,5),"""")"),"") | R59: =IFERROR(__xludf.DUMMYFUNCTION("IF(Q59="""","""",IFERROR(VALUE(REGEXEXTRACT(Q59,""(?i)P\s*([0-9]+)"")),""""))"),"")
A60: =IF(B60="","",ROW()-14) | P60: ='Recensement DPS'!A13 -> Fonzey | Q60: =IFERROR(__xludf.DUMMYFUNCTION("IFERROR(INDEX(SPLIT(IF(REGEXMATCH(SWITCH($B$13,""Feu"",'Recensement DPS'!C13,""Glace"",'Recensement DPS'!E13,""Vent"",'Recensement DPS'!G13,""Terre"",'Recensement DPS'!I13,""Lumière"",'Recensement DPS'!K13,""Ténèbres"",'Recensement DPS'!M13,""Foudre"",'Re"&"censement DPS'!O13),""/""),SWITCH($B$13,""Feu"",'Recensement DPS'!C13,""Glace"",'Recensement DPS'!E13,""Vent"",'Recensement DPS'!G13,""Terre"",'Recensement DPS'!I13,""Lumière"",'Recensement DPS'!K13,""Ténèbres"",'Recensement DPS'!M13,""Foudre"",'Recenseme"&"nt DPS'!O13),REGEXREPLACE(SWITCH($B$13,""Feu"",'Recensement DPS'!C13,""Glace"",'Recensement DPS'!E13,""Vent"",'Recensement DPS'!G13,""Terre"",'Recensement DPS'!I13,""Lumière"",'Recensement DPS'!K13,""Ténèbres"",'Recensement DPS'!M13,""Foudre"",'Recensemen"&"t DPS'!O13),""(?i)(P[0-9]+)\s+"",""$1 / "")),"" / "",FALSE,TRUE),1,1),"""")"),"") | R60: =IFERROR(__xludf.DUMMYFUNCTION("IF(Q60="""","""",IFERROR(VALUE(REGEXEXTRACT(Q60,""(?i)P\s*([0-9]+)"")),""""))"),"")
A61: =IF(B61="","",ROW()-14) | P61: ='Recensement DPS'!A13 -> Fonzey | Q61: =IFERROR(__xludf.DUMMYFUNCTION("IFERROR(INDEX(SPLIT(IF(REGEXMATCH(SWITCH($B$13,""Feu"",'Recensement DPS'!C13,""Glace"",'Recensement DPS'!E13,""Vent"",'Recensement DPS'!G13,""Terre"",'Recensement DPS'!I13,""Lumière"",'Recensement DPS'!K13,""Ténèbres"",'Recensement DPS'!M13,""Foudre"",'Re"&"censement DPS'!O13),""/""),SWITCH($B$13,""Feu"",'Recensement DPS'!C13,""Glace"",'Recensement DPS'!E13,""Vent"",'Recensement DPS'!G13,""Terre"",'Recensement DPS'!I13,""Lumière"",'Recensement DPS'!K13,""Ténèbres"",'Recensement DPS'!M13,""Foudre"",'Recenseme"&"nt DPS'!O13),REGEXREPLACE(SWITCH($B$13,""Feu"",'Recensement DPS'!C13,""Glace"",'Recensement DPS'!E13,""Vent"",'Recensement DPS'!G13,""Terre"",'Recensement DPS'!I13,""Lumière"",'Recensement DPS'!K13,""Ténèbres"",'Recensement DPS'!M13,""Foudre"",'Recensemen"&"t DPS'!O13),""(?i)(P[0-9]+)\s+"",""$1 / "")),"" / "",FALSE,TRUE),1,2),"""")"),"") | R61: =IFERROR(__xludf.DUMMYFUNCTION("IF(Q61="""","""",IFERROR(VALUE(REGEXEXTRACT(Q61,""(?i)P\s*([0-9]+)"")),""""))"),"")
A62: =IF(B62="","",ROW()-14) | P62: ='Recensement DPS'!A13 -> Fonzey | Q62: =IFERROR(__xludf.DUMMYFUNCTION("IFERROR(INDEX(SPLIT(IF(REGEXMATCH(SWITCH($B$13,""Feu"",'Recensement DPS'!C13,""Glace"",'Recensement DPS'!E13,""Vent"",'Recensement DPS'!G13,""Terre"",'Recensement DPS'!I13,""Lumière"",'Recensement DPS'!K13,""Ténèbres"",'Recensement DPS'!M13,""Foudre"",'Re"&"censement DPS'!O13),""/""),SWITCH($B$13,""Feu"",'Recensement DPS'!C13,""Glace"",'Recensement DPS'!E13,""Vent"",'Recensement DPS'!G13,""Terre"",'Recensement DPS'!I13,""Lumière"",'Recensement DPS'!K13,""Ténèbres"",'Recensement DPS'!M13,""Foudre"",'Recenseme"&"nt DPS'!O13),REGEXREPLACE(SWITCH($B$13,""Feu"",'Recensement DPS'!C13,""Glace"",'Recensement DPS'!E13,""Vent"",'Recensement DPS'!G13,""Terre"",'Recensement DPS'!I13,""Lumière"",'Recensement DPS'!K13,""Ténèbres"",'Recensement DPS'!M13,""Foudre"",'Recensemen"&"t DPS'!O13),""(?i)(P[0-9]+)\s+"",""$1 / "")),"" / "",FALSE,TRUE),1,3),"""")"),"") | R62: =IFERROR(__xludf.DUMMYFUNCTION("IF(Q62="""","""",IFERROR(VALUE(REGEXEXTRACT(Q62,""(?i)P\s*([0-9]+)"")),""""))"),"")
A63: =IF(B63="","",ROW()-14) | P63: ='Recensement DPS'!A13 -> Fonzey | Q63: =IFERROR(__xludf.DUMMYFUNCTION("IFERROR(INDEX(SPLIT(IF(REGEXMATCH(SWITCH($B$13,""Feu"",'Recensement DPS'!C13,""Glace"",'Recensement DPS'!E13,""Vent"",'Recensement DPS'!G13,""Terre"",'Recensement DPS'!I13,""Lumière"",'Recensement DPS'!K13,""Ténèbres"",'Recensement DPS'!M13,""Foudre"",'Re"&"censement DPS'!O13),""/""),SWITCH($B$13,""Feu"",'Recensement DPS'!C13,""Glace"",'Recensement DPS'!E13,""Vent"",'Recensement DPS'!G13,""Terre"",'Recensement DPS'!I13,""Lumière"",'Recensement DPS'!K13,""Ténèbres"",'Recensement DPS'!M13,""Foudre"",'Recenseme"&"nt DPS'!O13),REGEXREPLACE(SWITCH($B$13,""Feu"",'Recensement DPS'!C13,""Glace"",'Recensement DPS'!E13,""Vent"",'Recensement DPS'!G13,""Terre"",'Recensement DPS'!I13,""Lumière"",'Recensement DPS'!K13,""Ténèbres"",'Recensement DPS'!M13,""Foudre"",'Recensemen"&"t DPS'!O13),""(?i)(P[0-9]+)\s+"",""$1 / "")),"" / "",FALSE,TRUE),1,4),"""")"),"") | R63: =IFERROR(__xludf.DUMMYFUNCTION("IF(Q63="""","""",IFERROR(VALUE(REGEXEXTRACT(Q63,""(?i)P\s*([0-9]+)"")),""""))"),"")
A64: =IF(B64="","",ROW()-14) | P64: ='Recensement DPS'!A13 -> Fonzey | Q64: =IFERROR(__xludf.DUMMYFUNCTION("IFERROR(INDEX(SPLIT(IF(REGEXMATCH(SWITCH($B$13,""Feu"",'Recensement DPS'!C13,""Glace"",'Recensement DPS'!E13,""Vent"",'Recensement DPS'!G13,""Terre"",'Recensement DPS'!I13,""Lumière"",'Recensement DPS'!K13,""Ténèbres"",'Recensement DPS'!M13,""Foudre"",'Re"&"censement DPS'!O13),""/""),SWITCH($B$13,""Feu"",'Recensement DPS'!C13,""Glace"",'Recensement DPS'!E13,""Vent"",'Recensement DPS'!G13,""Terre"",'Recensement DPS'!I13,""Lumière"",'Recensement DPS'!K13,""Ténèbres"",'Recensement DPS'!M13,""Foudre"",'Recenseme"&"nt DPS'!O13),REGEXREPLACE(SWITCH($B$13,""Feu"",'Recensement DPS'!C13,""Glace"",'Recensement DPS'!E13,""Vent"",'Recensement DPS'!G13,""Terre"",'Recensement DPS'!I13,""Lumière"",'Recensement DPS'!K13,""Ténèbres"",'Recensement DPS'!M13,""Foudre"",'Recensemen"&"t DPS'!O13),""(?i)(P[0-9]+)\s+"",""$1 / "")),"" / "",FALSE,TRUE),1,5),"""")"),"") | R64: =IFERROR(__xludf.DUMMYFUNCTION("IF(Q64="""","""",IFERROR(VALUE(REGEXEXTRACT(Q64,""(?i)P\s*([0-9]+)"")),""""))"),"")
A65: =IF(B65="","",ROW()-14) | P65: ='Recensement DPS'!A14 -> Fruit11A | Q65: =IFERROR(__xludf.DUMMYFUNCTION("IFERROR(INDEX(SPLIT(IF(REGEXMATCH(SWITCH($B$13,""Feu"",'Recensement DPS'!C14,""Glace"",'Recensement DPS'!E14,""Vent"",'Recensement DPS'!G14,""Terre"",'Recensement DPS'!I14,""Lumière"",'Recensement DPS'!K14,""Ténèbres"",'Recensement DPS'!M14,""Foudre"",'Re"&"censement DPS'!O14),""/""),SWITCH($B$13,""Feu"",'Recensement DPS'!C14,""Glace"",'Recensement DPS'!E14,""Vent"",'Recensement DPS'!G14,""Terre"",'Recensement DPS'!I14,""Lumière"",'Recensement DPS'!K14,""Ténèbres"",'Recensement DPS'!M14,""Foudre"",'Recenseme"&"nt DPS'!O14),REGEXREPLACE(SWITCH($B$13,""Feu"",'Recensement DPS'!C14,""Glace"",'Recensement DPS'!E14,""Vent"",'Recensement DPS'!G14,""Terre"",'Recensement DPS'!I14,""Lumière"",'Recensement DPS'!K14,""Ténèbres"",'Recensement DPS'!M14,""Foudre"",'Recensemen"&"t DPS'!O14),""(?i)(P[0-9]+)\s+"",""$1 / "")),"" / "",FALSE,TRUE),1,1),"""")"),"") | R65: =IFERROR(__xludf.DUMMYFUNCTION("IF(Q65="""","""",IFERROR(VALUE(REGEXEXTRACT(Q65,""(?i)P\s*([0-9]+)"")),""""))"),"")
A66: =IF(B66="","",ROW()-14) | P66: ='Recensement DPS'!A14 -> Fruit11A | Q66: =IFERROR(__xludf.DUMMYFUNCTION("IFERROR(INDEX(SPLIT(IF(REGEXMATCH(SWITCH($B$13,""Feu"",'Recensement DPS'!C14,""Glace"",'Recensement DPS'!E14,""Vent"",'Recensement DPS'!G14,""Terre"",'Recensement DPS'!I14,""Lumière"",'Recensement DPS'!K14,""Ténèbres"",'Recensement DPS'!M14,""Foudre"",'Re"&"censement DPS'!O14),""/""),SWITCH($B$13,""Feu"",'Recensement DPS'!C14,""Glace"",'Recensement DPS'!E14,""Vent"",'Recensement DPS'!G14,""Terre"",'Recensement DPS'!I14,""Lumière"",'Recensement DPS'!K14,""Ténèbres"",'Recensement DPS'!M14,""Foudre"",'Recenseme"&"nt DPS'!O14),REGEXREPLACE(SWITCH($B$13,""Feu"",'Recensement DPS'!C14,""Glace"",'Recensement DPS'!E14,""Vent"",'Recensement DPS'!G14,""Terre"",'Recensement DPS'!I14,""Lumière"",'Recensement DPS'!K14,""Ténèbres"",'Recensement DPS'!M14,""Foudre"",'Recensemen"&"t DPS'!O14),""(?i)(P[0-9]+)\s+"",""$1 / "")),"" / "",FALSE,TRUE),1,2),"""")"),"") | R66: =IFERROR(__xludf.DUMMYFUNCTION("IF(Q66="""","""",IFERROR(VALUE(REGEXEXTRACT(Q66,""(?i)P\s*([0-9]+)"")),""""))"),"")
A67: =IF(B67="","",ROW()-14) | P67: ='Recensement DPS'!A14 -> Fruit11A | Q67: =IFERROR(__xludf.DUMMYFUNCTION("IFERROR(INDEX(SPLIT(IF(REGEXMATCH(SWITCH($B$13,""Feu"",'Recensement DPS'!C14,""Glace"",'Recensement DPS'!E14,""Vent"",'Recensement DPS'!G14,""Terre"",'Recensement DPS'!I14,""Lumière"",'Recensement DPS'!K14,""Ténèbres"",'Recensement DPS'!M14,""Foudre"",'Re"&"censement DPS'!O14),""/""),SWITCH($B$13,""Feu"",'Recensement DPS'!C14,""Glace"",'Recensement DPS'!E14,""Vent"",'Recensement DPS'!G14,""Terre"",'Recensement DPS'!I14,""Lumière"",'Recensement DPS'!K14,""Ténèbres"",'Recensement DPS'!M14,""Foudre"",'Recenseme"&"nt DPS'!O14),REGEXREPLACE(SWITCH($B$13,""Feu"",'Recensement DPS'!C14,""Glace"",'Recensement DPS'!E14,""Vent"",'Recensement DPS'!G14,""Terre"",'Recensement DPS'!I14,""Lumière"",'Recensement DPS'!K14,""Ténèbres"",'Recensement DPS'!M14,""Foudre"",'Recensemen"&"t DPS'!O14),""(?i)(P[0-9]+)\s+"",""$1 / "")),"" / "",FALSE,TRUE),1,3),"""")"),"") | R67: =IFERROR(__xludf.DUMMYFUNCTION("IF(Q67="""","""",IFERROR(VALUE(REGEXEXTRACT(Q67,""(?i)P\s*([0-9]+)"")),""""))"),"")
A68: =IF(B68="","",ROW()-14) | P68: ='Recensement DPS'!A14 -> Fruit11A | Q68: =IFERROR(__xludf.DUMMYFUNCTION("IFERROR(INDEX(SPLIT(IF(REGEXMATCH(SWITCH($B$13,""Feu"",'Recensement DPS'!C14,""Glace"",'Recensement DPS'!E14,""Vent"",'Recensement DPS'!G14,""Terre"",'Recensement DPS'!I14,""Lumière"",'Recensement DPS'!K14,""Ténèbres"",'Recensement DPS'!M14,""Foudre"",'Re"&"censement DPS'!O14),""/""),SWITCH($B$13,""Feu"",'Recensement DPS'!C14,""Glace"",'Recensement DPS'!E14,""Vent"",'Recensement DPS'!G14,""Terre"",'Recensement DPS'!I14,""Lumière"",'Recensement DPS'!K14,""Ténèbres"",'Recensement DPS'!M14,""Foudre"",'Recenseme"&"nt DPS'!O14),REGEXREPLACE(SWITCH($B$13,""Feu"",'Recensement DPS'!C14,""Glace"",'Recensement DPS'!E14,""Vent"",'Recensement DPS'!G14,""Terre"",'Recensement DPS'!I14,""Lumière"",'Recensement DPS'!K14,""Ténèbres"",'Recensement DPS'!M14,""Foudre"",'Recensemen"&"t DPS'!O14),""(?i)(P[0-9]+)\s+"",""$1 / "")),"" / "",FALSE,TRUE),1,4),"""")"),"") | R68: =IFERROR(__xludf.DUMMYFUNCTION("IF(Q68="""","""",IFERROR(VALUE(REGEXEXTRACT(Q68,""(?i)P\s*([0-9]+)"")),""""))"),"")
A69: =IF(B69="","",ROW()-14) | P69: ='Recensement DPS'!A14 -> Fruit11A | Q69: =IFERROR(__xludf.DUMMYFUNCTION("IFERROR(INDEX(SPLIT(IF(REGEXMATCH(SWITCH($B$13,""Feu"",'Recensement DPS'!C14,""Glace"",'Recensement DPS'!E14,""Vent"",'Recensement DPS'!G14,""Terre"",'Recensement DPS'!I14,""Lumière"",'Recensement DPS'!K14,""Ténèbres"",'Recensement DPS'!M14,""Foudre"",'Re"&"censement DPS'!O14),""/""),SWITCH($B$13,""Feu"",'Recensement DPS'!C14,""Glace"",'Recensement DPS'!E14,""Vent"",'Recensement DPS'!G14,""Terre"",'Recensement DPS'!I14,""Lumière"",'Recensement DPS'!K14,""Ténèbres"",'Recensement DPS'!M14,""Foudre"",'Recenseme"&"nt DPS'!O14),REGEXREPLACE(SWITCH($B$13,""Feu"",'Recensement DPS'!C14,""Glace"",'Recensement DPS'!E14,""Vent"",'Recensement DPS'!G14,""Terre"",'Recensement DPS'!I14,""Lumière"",'Recensement DPS'!K14,""Ténèbres"",'Recensement DPS'!M14,""Foudre"",'Recensemen"&"t DPS'!O14),""(?i)(P[0-9]+)\s+"",""$1 / "")),"" / "",FALSE,TRUE),1,5),"""")"),"") | R69: =IFERROR(__xludf.DUMMYFUNCTION("IF(Q69="""","""",IFERROR(VALUE(REGEXEXTRACT(Q69,""(?i)P\s*([0-9]+)"")),""""))"),"")
A70: =IF(B70="","",ROW()-14) | P70: ='Recensement DPS'!A15 -> Godgift | Q70: =IFERROR(__xludf.DUMMYFUNCTION("IFERROR(INDEX(SPLIT(IF(REGEXMATCH(SWITCH($B$13,""Feu"",'Recensement DPS'!C15,""Glace"",'Recensement DPS'!E15,""Vent"",'Recensement DPS'!G15,""Terre"",'Recensement DPS'!I15,""Lumière"",'Recensement DPS'!K15,""Ténèbres"",'Recensement DPS'!M15,""Foudre"",'Re"&"censement DPS'!O15),""/""),SWITCH($B$13,""Feu"",'Recensement DPS'!C15,""Glace"",'Recensement DPS'!E15,""Vent"",'Recensement DPS'!G15,""Terre"",'Recensement DPS'!I15,""Lumière"",'Recensement DPS'!K15,""Ténèbres"",'Recensement DPS'!M15,""Foudre"",'Recenseme"&"nt DPS'!O15),REGEXREPLACE(SWITCH($B$13,""Feu"",'Recensement DPS'!C15,""Glace"",'Recensement DPS'!E15,""Vent"",'Recensement DPS'!G15,""Terre"",'Recensement DPS'!I15,""Lumière"",'Recensement DPS'!K15,""Ténèbres"",'Recensement DPS'!M15,""Foudre"",'Recensemen"&"t DPS'!O15),""(?i)(P[0-9]+)\s+"",""$1 / "")),"" / "",FALSE,TRUE),1,1),"""")"),"") | R70: =IFERROR(__xludf.DUMMYFUNCTION("IF(Q70="""","""",IFERROR(VALUE(REGEXEXTRACT(Q70,""(?i)P\s*([0-9]+)"")),""""))"),"")
A71: =IF(B71="","",ROW()-14) | P71: ='Recensement DPS'!A15 -> Godgift | Q71: =IFERROR(__xludf.DUMMYFUNCTION("IFERROR(INDEX(SPLIT(IF(REGEXMATCH(SWITCH($B$13,""Feu"",'Recensement DPS'!C15,""Glace"",'Recensement DPS'!E15,""Vent"",'Recensement DPS'!G15,""Terre"",'Recensement DPS'!I15,""Lumière"",'Recensement DPS'!K15,""Ténèbres"",'Recensement DPS'!M15,""Foudre"",'Re"&"censement DPS'!O15),""/""),SWITCH($B$13,""Feu"",'Recensement DPS'!C15,""Glace"",'Recensement DPS'!E15,""Vent"",'Recensement DPS'!G15,""Terre"",'Recensement DPS'!I15,""Lumière"",'Recensement DPS'!K15,""Ténèbres"",'Recensement DPS'!M15,""Foudre"",'Recenseme"&"nt DPS'!O15),REGEXREPLACE(SWITCH($B$13,""Feu"",'Recensement DPS'!C15,""Glace"",'Recensement DPS'!E15,""Vent"",'Recensement DPS'!G15,""Terre"",'Recensement DPS'!I15,""Lumière"",'Recensement DPS'!K15,""Ténèbres"",'Recensement DPS'!M15,""Foudre"",'Recensemen"&"t DPS'!O15),""(?i)(P[0-9]+)\s+"",""$1 / "")),"" / "",FALSE,TRUE),1,2),"""")"),"") | R71: =IFERROR(__xludf.DUMMYFUNCTION("IF(Q71="""","""",IFERROR(VALUE(REGEXEXTRACT(Q71,""(?i)P\s*([0-9]+)"")),""""))"),"")
A72: =IF(B72="","",ROW()-14) | P72: ='Recensement DPS'!A15 -> Godgift | Q72: =IFERROR(__xludf.DUMMYFUNCTION("IFERROR(INDEX(SPLIT(IF(REGEXMATCH(SWITCH($B$13,""Feu"",'Recensement DPS'!C15,""Glace"",'Recensement DPS'!E15,""Vent"",'Recensement DPS'!G15,""Terre"",'Recensement DPS'!I15,""Lumière"",'Recensement DPS'!K15,""Ténèbres"",'Recensement DPS'!M15,""Foudre"",'Re"&"censement DPS'!O15),""/""),SWITCH($B$13,""Feu"",'Recensement DPS'!C15,""Glace"",'Recensement DPS'!E15,""Vent"",'Recensement DPS'!G15,""Terre"",'Recensement DPS'!I15,""Lumière"",'Recensement DPS'!K15,""Ténèbres"",'Recensement DPS'!M15,""Foudre"",'Recenseme"&"nt DPS'!O15),REGEXREPLACE(SWITCH($B$13,""Feu"",'Recensement DPS'!C15,""Glace"",'Recensement DPS'!E15,""Vent"",'Recensement DPS'!G15,""Terre"",'Recensement DPS'!I15,""Lumière"",'Recensement DPS'!K15,""Ténèbres"",'Recensement DPS'!M15,""Foudre"",'Recensemen"&"t DPS'!O15),""(?i)(P[0-9]+)\s+"",""$1 / "")),"" / "",FALSE,TRUE),1,3),"""")"),"") | R72: =IFERROR(__xludf.DUMMYFUNCTION("IF(Q72="""","""",IFERROR(VALUE(REGEXEXTRACT(Q72,""(?i)P\s*([0-9]+)"")),""""))"),"")
A73: =IF(B73="","",ROW()-14) | P73: ='Recensement DPS'!A15 -> Godgift | Q73: =IFERROR(__xludf.DUMMYFUNCTION("IFERROR(INDEX(SPLIT(IF(REGEXMATCH(SWITCH($B$13,""Feu"",'Recensement DPS'!C15,""Glace"",'Recensement DPS'!E15,""Vent"",'Recensement DPS'!G15,""Terre"",'Recensement DPS'!I15,""Lumière"",'Recensement DPS'!K15,""Ténèbres"",'Recensement DPS'!M15,""Foudre"",'Re"&"censement DPS'!O15),""/""),SWITCH($B$13,""Feu"",'Recensement DPS'!C15,""Glace"",'Recensement DPS'!E15,""Vent"",'Recensement DPS'!G15,""Terre"",'Recensement DPS'!I15,""Lumière"",'Recensement DPS'!K15,""Ténèbres"",'Recensement DPS'!M15,""Foudre"",'Recenseme"&"nt DPS'!O15),REGEXREPLACE(SWITCH($B$13,""Feu"",'Recensement DPS'!C15,""Glace"",'Recensement DPS'!E15,""Vent"",'Recensement DPS'!G15,""Terre"",'Recensement DPS'!I15,""Lumière"",'Recensement DPS'!K15,""Ténèbres"",'Recensement DPS'!M15,""Foudre"",'Recensemen"&"t DPS'!O15),""(?i)(P[0-9]+)\s+"",""$1 / "")),"" / "",FALSE,TRUE),1,4),"""")"),"") | R73: =IFERROR(__xludf.DUMMYFUNCTION("IF(Q73="""","""",IFERROR(VALUE(REGEXEXTRACT(Q73,""(?i)P\s*([0-9]+)"")),""""))"),"")
A74: =IF(B74="","",ROW()-14) | P74: ='Recensement DPS'!A15 -> Godgift | Q74: =IFERROR(__xludf.DUMMYFUNCTION("IFERROR(INDEX(SPLIT(IF(REGEXMATCH(SWITCH($B$13,""Feu"",'Recensement DPS'!C15,""Glace"",'Recensement DPS'!E15,""Vent"",'Recensement DPS'!G15,""Terre"",'Recensement DPS'!I15,""Lumière"",'Recensement DPS'!K15,""Ténèbres"",'Recensement DPS'!M15,""Foudre"",'Re"&"censement DPS'!O15),""/""),SWITCH($B$13,""Feu"",'Recensement DPS'!C15,""Glace"",'Recensement DPS'!E15,""Vent"",'Recensement DPS'!G15,""Terre"",'Recensement DPS'!I15,""Lumière"",'Recensement DPS'!K15,""Ténèbres"",'Recensement DPS'!M15,""Foudre"",'Recenseme"&"nt DPS'!O15),REGEXREPLACE(SWITCH($B$13,""Feu"",'Recensement DPS'!C15,""Glace"",'Recensement DPS'!E15,""Vent"",'Recensement DPS'!G15,""Terre"",'Recensement DPS'!I15,""Lumière"",'Recensement DPS'!K15,""Ténèbres"",'Recensement DPS'!M15,""Foudre"",'Recensemen"&"t DPS'!O15),""(?i)(P[0-9]+)\s+"",""$1 / "")),"" / "",FALSE,TRUE),1,5),"""")"),"") | R74: =IFERROR(__xludf.DUMMYFUNCTION("IF(Q74="""","""",IFERROR(VALUE(REGEXEXTRACT(Q74,""(?i)P\s*([0-9]+)"")),""""))"),"")
A75: =IF(B75="","",ROW()-14) | P75: ='Recensement DPS'!A16 -> iKeaght | Q75: =IFERROR(__xludf.DUMMYFUNCTION("IFERROR(INDEX(SPLIT(IF(REGEXMATCH(SWITCH($B$13,""Feu"",'Recensement DPS'!C16,""Glace"",'Recensement DPS'!E16,""Vent"",'Recensement DPS'!G16,""Terre"",'Recensement DPS'!I16,""Lumière"",'Recensement DPS'!K16,""Ténèbres"",'Recensement DPS'!M16,""Foudre"",'Re"&"censement DPS'!O16),""/""),SWITCH($B$13,""Feu"",'Recensement DPS'!C16,""Glace"",'Recensement DPS'!E16,""Vent"",'Recensement DPS'!G16,""Terre"",'Recensement DPS'!I16,""Lumière"",'Recensement DPS'!K16,""Ténèbres"",'Recensement DPS'!M16,""Foudre"",'Recenseme"&"nt DPS'!O16),REGEXREPLACE(SWITCH($B$13,""Feu"",'Recensement DPS'!C16,""Glace"",'Recensement DPS'!E16,""Vent"",'Recensement DPS'!G16,""Terre"",'Recensement DPS'!I16,""Lumière"",'Recensement DPS'!K16,""Ténèbres"",'Recensement DPS'!M16,""Foudre"",'Recensemen"&"t DPS'!O16),""(?i)(P[0-9]+)\s+"",""$1 / "")),"" / "",FALSE,TRUE),1,1),"""")"),"") | R75: =IFERROR(__xludf.DUMMYFUNCTION("IF(Q75="""","""",IFERROR(VALUE(REGEXEXTRACT(Q75,""(?i)P\s*([0-9]+)"")),""""))"),"")
A76: =IF(B76="","",ROW()-14) | P76: ='Recensement DPS'!A16 -> iKeaght | Q76: =IFERROR(__xludf.DUMMYFUNCTION("IFERROR(INDEX(SPLIT(IF(REGEXMATCH(SWITCH($B$13,""Feu"",'Recensement DPS'!C16,""Glace"",'Recensement DPS'!E16,""Vent"",'Recensement DPS'!G16,""Terre"",'Recensement DPS'!I16,""Lumière"",'Recensement DPS'!K16,""Ténèbres"",'Recensement DPS'!M16,""Foudre"",'Re"&"censement DPS'!O16),""/""),SWITCH($B$13,""Feu"",'Recensement DPS'!C16,""Glace"",'Recensement DPS'!E16,""Vent"",'Recensement DPS'!G16,""Terre"",'Recensement DPS'!I16,""Lumière"",'Recensement DPS'!K16,""Ténèbres"",'Recensement DPS'!M16,""Foudre"",'Recenseme"&"nt DPS'!O16),REGEXREPLACE(SWITCH($B$13,""Feu"",'Recensement DPS'!C16,""Glace"",'Recensement DPS'!E16,""Vent"",'Recensement DPS'!G16,""Terre"",'Recensement DPS'!I16,""Lumière"",'Recensement DPS'!K16,""Ténèbres"",'Recensement DPS'!M16,""Foudre"",'Recensemen"&"t DPS'!O16),""(?i)(P[0-9]+)\s+"",""$1 / "")),"" / "",FALSE,TRUE),1,2),"""")"),"") | R76: =IFERROR(__xludf.DUMMYFUNCTION("IF(Q76="""","""",IFERROR(VALUE(REGEXEXTRACT(Q76,""(?i)P\s*([0-9]+)"")),""""))"),"")
A77: =IF(B77="","",ROW()-14) | P77: ='Recensement DPS'!A16 -> iKeaght | Q77: =IFERROR(__xludf.DUMMYFUNCTION("IFERROR(INDEX(SPLIT(IF(REGEXMATCH(SWITCH($B$13,""Feu"",'Recensement DPS'!C16,""Glace"",'Recensement DPS'!E16,""Vent"",'Recensement DPS'!G16,""Terre"",'Recensement DPS'!I16,""Lumière"",'Recensement DPS'!K16,""Ténèbres"",'Recensement DPS'!M16,""Foudre"",'Re"&"censement DPS'!O16),""/""),SWITCH($B$13,""Feu"",'Recensement DPS'!C16,""Glace"",'Recensement DPS'!E16,""Vent"",'Recensement DPS'!G16,""Terre"",'Recensement DPS'!I16,""Lumière"",'Recensement DPS'!K16,""Ténèbres"",'Recensement DPS'!M16,""Foudre"",'Recenseme"&"nt DPS'!O16),REGEXREPLACE(SWITCH($B$13,""Feu"",'Recensement DPS'!C16,""Glace"",'Recensement DPS'!E16,""Vent"",'Recensement DPS'!G16,""Terre"",'Recensement DPS'!I16,""Lumière"",'Recensement DPS'!K16,""Ténèbres"",'Recensement DPS'!M16,""Foudre"",'Recensemen"&"t DPS'!O16),""(?i)(P[0-9]+)\s+"",""$1 / "")),"" / "",FALSE,TRUE),1,3),"""")"),"") | R77: =IFERROR(__xludf.DUMMYFUNCTION("IF(Q77="""","""",IFERROR(VALUE(REGEXEXTRACT(Q77,""(?i)P\s*([0-9]+)"")),""""))"),"")
A78: =IF(B78="","",ROW()-14) | P78: ='Recensement DPS'!A16 -> iKeaght | Q78: =IFERROR(__xludf.DUMMYFUNCTION("IFERROR(INDEX(SPLIT(IF(REGEXMATCH(SWITCH($B$13,""Feu"",'Recensement DPS'!C16,""Glace"",'Recensement DPS'!E16,""Vent"",'Recensement DPS'!G16,""Terre"",'Recensement DPS'!I16,""Lumière"",'Recensement DPS'!K16,""Ténèbres"",'Recensement DPS'!M16,""Foudre"",'Re"&"censement DPS'!O16),""/""),SWITCH($B$13,""Feu"",'Recensement DPS'!C16,""Glace"",'Recensement DPS'!E16,""Vent"",'Recensement DPS'!G16,""Terre"",'Recensement DPS'!I16,""Lumière"",'Recensement DPS'!K16,""Ténèbres"",'Recensement DPS'!M16,""Foudre"",'Recenseme"&"nt DPS'!O16),REGEXREPLACE(SWITCH($B$13,""Feu"",'Recensement DPS'!C16,""Glace"",'Recensement DPS'!E16,""Vent"",'Recensement DPS'!G16,""Terre"",'Recensement DPS'!I16,""Lumière"",'Recensement DPS'!K16,""Ténèbres"",'Recensement DPS'!M16,""Foudre"",'Recensemen"&"t DPS'!O16),""(?i)(P[0-9]+)\s+"",""$1 / "")),"" / "",FALSE,TRUE),1,4),"""")"),"") | R78: =IFERROR(__xludf.DUMMYFUNCTION("IF(Q78="""","""",IFERROR(VALUE(REGEXEXTRACT(Q78,""(?i)P\s*([0-9]+)"")),""""))"),"")
A79: =IF(B79="","",ROW()-14) | P79: ='Recensement DPS'!A16 -> iKeaght | Q79: =IFERROR(__xludf.DUMMYFUNCTION("IFERROR(INDEX(SPLIT(IF(REGEXMATCH(SWITCH($B$13,""Feu"",'Recensement DPS'!C16,""Glace"",'Recensement DPS'!E16,""Vent"",'Recensement DPS'!G16,""Terre"",'Recensement DPS'!I16,""Lumière"",'Recensement DPS'!K16,""Ténèbres"",'Recensement DPS'!M16,""Foudre"",'Re"&"censement DPS'!O16),""/""),SWITCH($B$13,""Feu"",'Recensement DPS'!C16,""Glace"",'Recensement DPS'!E16,""Vent"",'Recensement DPS'!G16,""Terre"",'Recensement DPS'!I16,""Lumière"",'Recensement DPS'!K16,""Ténèbres"",'Recensement DPS'!M16,""Foudre"",'Recenseme"&"nt DPS'!O16),REGEXREPLACE(SWITCH($B$13,""Feu"",'Recensement DPS'!C16,""Glace"",'Recensement DPS'!E16,""Vent"",'Recensement DPS'!G16,""Terre"",'Recensement DPS'!I16,""Lumière"",'Recensement DPS'!K16,""Ténèbres"",'Recensement DPS'!M16,""Foudre"",'Recensemen"&"t DPS'!O16),""(?i)(P[0-9]+)\s+"",""$1 / "")),"" / "",FALSE,TRUE),1,5),"""")"),"") | R79: =IFERROR(__xludf.DUMMYFUNCTION("IF(Q79="""","""",IFERROR(VALUE(REGEXEXTRACT(Q79,""(?i)P\s*([0-9]+)"")),""""))"),"")
A80: =IF(B80="","",ROW()-14) | P80: ='Recensement DPS'!A17 -> Jinwoo | Q80: =IFERROR(__xludf.DUMMYFUNCTION("IFERROR(INDEX(SPLIT(IF(REGEXMATCH(SWITCH($B$13,""Feu"",'Recensement DPS'!C17,""Glace"",'Recensement DPS'!E17,""Vent"",'Recensement DPS'!G17,""Terre"",'Recensement DPS'!I17,""Lumière"",'Recensement DPS'!K17,""Ténèbres"",'Recensement DPS'!M17,""Foudre"",'Re"&"censement DPS'!O17),""/""),SWITCH($B$13,""Feu"",'Recensement DPS'!C17,""Glace"",'Recensement DPS'!E17,""Vent"",'Recensement DPS'!G17,""Terre"",'Recensement DPS'!I17,""Lumière"",'Recensement DPS'!K17,""Ténèbres"",'Recensement DPS'!M17,""Foudre"",'Recenseme"&"nt DPS'!O17),REGEXREPLACE(SWITCH($B$13,""Feu"",'Recensement DPS'!C17,""Glace"",'Recensement DPS'!E17,""Vent"",'Recensement DPS'!G17,""Terre"",'Recensement DPS'!I17,""Lumière"",'Recensement DPS'!K17,""Ténèbres"",'Recensement DPS'!M17,""Foudre"",'Recensemen"&"t DPS'!O17),""(?i)(P[0-9]+)\s+"",""$1 / "")),"" / "",FALSE,TRUE),1,1),"""")"),"") | R80: =IFERROR(__xludf.DUMMYFUNCTION("IF(Q80="""","""",IFERROR(VALUE(REGEXEXTRACT(Q80,""(?i)P\s*([0-9]+)"")),""""))"),"")
A81: =IF(B81="","",ROW()-14) | P81: ='Recensement DPS'!A17 -> Jinwoo | Q81: =IFERROR(__xludf.DUMMYFUNCTION("IFERROR(INDEX(SPLIT(IF(REGEXMATCH(SWITCH($B$13,""Feu"",'Recensement DPS'!C17,""Glace"",'Recensement DPS'!E17,""Vent"",'Recensement DPS'!G17,""Terre"",'Recensement DPS'!I17,""Lumière"",'Recensement DPS'!K17,""Ténèbres"",'Recensement DPS'!M17,""Foudre"",'Re"&"censement DPS'!O17),""/""),SWITCH($B$13,""Feu"",'Recensement DPS'!C17,""Glace"",'Recensement DPS'!E17,""Vent"",'Recensement DPS'!G17,""Terre"",'Recensement DPS'!I17,""Lumière"",'Recensement DPS'!K17,""Ténèbres"",'Recensement DPS'!M17,""Foudre"",'Recenseme"&"nt DPS'!O17),REGEXREPLACE(SWITCH($B$13,""Feu"",'Recensement DPS'!C17,""Glace"",'Recensement DPS'!E17,""Vent"",'Recensement DPS'!G17,""Terre"",'Recensement DPS'!I17,""Lumière"",'Recensement DPS'!K17,""Ténèbres"",'Recensement DPS'!M17,""Foudre"",'Recensemen"&"t DPS'!O17),""(?i)(P[0-9]+)\s+"",""$1 / "")),"" / "",FALSE,TRUE),1,2),"""")"),"") | R81: =IFERROR(__xludf.DUMMYFUNCTION("IF(Q81="""","""",IFERROR(VALUE(REGEXEXTRACT(Q81,""(?i)P\s*([0-9]+)"")),""""))"),"")
A82: =IF(B82="","",ROW()-14) | P82: ='Recensement DPS'!A17 -> Jinwoo | Q82: =IFERROR(__xludf.DUMMYFUNCTION("IFERROR(INDEX(SPLIT(IF(REGEXMATCH(SWITCH($B$13,""Feu"",'Recensement DPS'!C17,""Glace"",'Recensement DPS'!E17,""Vent"",'Recensement DPS'!G17,""Terre"",'Recensement DPS'!I17,""Lumière"",'Recensement DPS'!K17,""Ténèbres"",'Recensement DPS'!M17,""Foudre"",'Re"&"censement DPS'!O17),""/""),SWITCH($B$13,""Feu"",'Recensement DPS'!C17,""Glace"",'Recensement DPS'!E17,""Vent"",'Recensement DPS'!G17,""Terre"",'Recensement DPS'!I17,""Lumière"",'Recensement DPS'!K17,""Ténèbres"",'Recensement DPS'!M17,""Foudre"",'Recenseme"&"nt DPS'!O17),REGEXREPLACE(SWITCH($B$13,""Feu"",'Recensement DPS'!C17,""Glace"",'Recensement DPS'!E17,""Vent"",'Recensement DPS'!G17,""Terre"",'Recensement DPS'!I17,""Lumière"",'Recensement DPS'!K17,""Ténèbres"",'Recensement DPS'!M17,""Foudre"",'Recensemen"&"t DPS'!O17),""(?i)(P[0-9]+)\s+"",""$1 / "")),"" / "",FALSE,TRUE),1,3),"""")"),"") | R82: =IFERROR(__xludf.DUMMYFUNCTION("IF(Q82="""","""",IFERROR(VALUE(REGEXEXTRACT(Q82,""(?i)P\s*([0-9]+)"")),""""))"),"")
A83: =IF(B83="","",ROW()-14) | P83: ='Recensement DPS'!A17 -> Jinwoo | Q83: =IFERROR(__xludf.DUMMYFUNCTION("IFERROR(INDEX(SPLIT(IF(REGEXMATCH(SWITCH($B$13,""Feu"",'Recensement DPS'!C17,""Glace"",'Recensement DPS'!E17,""Vent"",'Recensement DPS'!G17,""Terre"",'Recensement DPS'!I17,""Lumière"",'Recensement DPS'!K17,""Ténèbres"",'Recensement DPS'!M17,""Foudre"",'Re"&"censement DPS'!O17),""/""),SWITCH($B$13,""Feu"",'Recensement DPS'!C17,""Glace"",'Recensement DPS'!E17,""Vent"",'Recensement DPS'!G17,""Terre"",'Recensement DPS'!I17,""Lumière"",'Recensement DPS'!K17,""Ténèbres"",'Recensement DPS'!M17,""Foudre"",'Recenseme"&"nt DPS'!O17),REGEXREPLACE(SWITCH($B$13,""Feu"",'Recensement DPS'!C17,""Glace"",'Recensement DPS'!E17,""Vent"",'Recensement DPS'!G17,""Terre"",'Recensement DPS'!I17,""Lumière"",'Recensement DPS'!K17,""Ténèbres"",'Recensement DPS'!M17,""Foudre"",'Recensemen"&"t DPS'!O17),""(?i)(P[0-9]+)\s+"",""$1 / "")),"" / "",FALSE,TRUE),1,4),"""")"),"") | R83: =IFERROR(__xludf.DUMMYFUNCTION("IF(Q83="""","""",IFERROR(VALUE(REGEXEXTRACT(Q83,""(?i)P\s*([0-9]+)"")),""""))"),"")
A84: =IF(B84="","",ROW()-14) | P84: ='Recensement DPS'!A17 -> Jinwoo | Q84: =IFERROR(__xludf.DUMMYFUNCTION("IFERROR(INDEX(SPLIT(IF(REGEXMATCH(SWITCH($B$13,""Feu"",'Recensement DPS'!C17,""Glace"",'Recensement DPS'!E17,""Vent"",'Recensement DPS'!G17,""Terre"",'Recensement DPS'!I17,""Lumière"",'Recensement DPS'!K17,""Ténèbres"",'Recensement DPS'!M17,""Foudre"",'Re"&"censement DPS'!O17),""/""),SWITCH($B$13,""Feu"",'Recensement DPS'!C17,""Glace"",'Recensement DPS'!E17,""Vent"",'Recensement DPS'!G17,""Terre"",'Recensement DPS'!I17,""Lumière"",'Recensement DPS'!K17,""Ténèbres"",'Recensement DPS'!M17,""Foudre"",'Recenseme"&"nt DPS'!O17),REGEXREPLACE(SWITCH($B$13,""Feu"",'Recensement DPS'!C17,""Glace"",'Recensement DPS'!E17,""Vent"",'Recensement DPS'!G17,""Terre"",'Recensement DPS'!I17,""Lumière"",'Recensement DPS'!K17,""Ténèbres"",'Recensement DPS'!M17,""Foudre"",'Recensemen"&"t DPS'!O17),""(?i)(P[0-9]+)\s+"",""$1 / "")),"" / "",FALSE,TRUE),1,5),"""")"),"") | R84: =IFERROR(__xludf.DUMMYFUNCTION("IF(Q84="""","""",IFERROR(VALUE(REGEXEXTRACT(Q84,""(?i)P\s*([0-9]+)"")),""""))"),"")
A85: =IF(B85="","",ROW()-14) | P85: ='Recensement DPS'!A18 -> Kirisaka | Q85: =IFERROR(__xludf.DUMMYFUNCTION("IFERROR(INDEX(SPLIT(IF(REGEXMATCH(SWITCH($B$13,""Feu"",'Recensement DPS'!C18,""Glace"",'Recensement DPS'!E18,""Vent"",'Recensement DPS'!G18,""Terre"",'Recensement DPS'!I18,""Lumière"",'Recensement DPS'!K18,""Ténèbres"",'Recensement DPS'!M18,""Foudre"",'Re"&"censement DPS'!O18),""/""),SWITCH($B$13,""Feu"",'Recensement DPS'!C18,""Glace"",'Recensement DPS'!E18,""Vent"",'Recensement DPS'!G18,""Terre"",'Recensement DPS'!I18,""Lumière"",'Recensement DPS'!K18,""Ténèbres"",'Recensement DPS'!M18,""Foudre"",'Recenseme"&"nt DPS'!O18),REGEXREPLACE(SWITCH($B$13,""Feu"",'Recensement DPS'!C18,""Glace"",'Recensement DPS'!E18,""Vent"",'Recensement DPS'!G18,""Terre"",'Recensement DPS'!I18,""Lumière"",'Recensement DPS'!K18,""Ténèbres"",'Recensement DPS'!M18,""Foudre"",'Recensemen"&"t DPS'!O18),""(?i)(P[0-9]+)\s+"",""$1 / "")),"" / "",FALSE,TRUE),1,1),"""")"),"") | R85: =IFERROR(__xludf.DUMMYFUNCTION("IF(Q85="""","""",IFERROR(VALUE(REGEXEXTRACT(Q85,""(?i)P\s*([0-9]+)"")),""""))"),"")
A86: =IF(B86="","",ROW()-14) | P86: ='Recensement DPS'!A18 -> Kirisaka | Q86: =IFERROR(__xludf.DUMMYFUNCTION("IFERROR(INDEX(SPLIT(IF(REGEXMATCH(SWITCH($B$13,""Feu"",'Recensement DPS'!C18,""Glace"",'Recensement DPS'!E18,""Vent"",'Recensement DPS'!G18,""Terre"",'Recensement DPS'!I18,""Lumière"",'Recensement DPS'!K18,""Ténèbres"",'Recensement DPS'!M18,""Foudre"",'Re"&"censement DPS'!O18),""/""),SWITCH($B$13,""Feu"",'Recensement DPS'!C18,""Glace"",'Recensement DPS'!E18,""Vent"",'Recensement DPS'!G18,""Terre"",'Recensement DPS'!I18,""Lumière"",'Recensement DPS'!K18,""Ténèbres"",'Recensement DPS'!M18,""Foudre"",'Recenseme"&"nt DPS'!O18),REGEXREPLACE(SWITCH($B$13,""Feu"",'Recensement DPS'!C18,""Glace"",'Recensement DPS'!E18,""Vent"",'Recensement DPS'!G18,""Terre"",'Recensement DPS'!I18,""Lumière"",'Recensement DPS'!K18,""Ténèbres"",'Recensement DPS'!M18,""Foudre"",'Recensemen"&"t DPS'!O18),""(?i)(P[0-9]+)\s+"",""$1 / "")),"" / "",FALSE,TRUE),1,2),"""")"),"") | R86: =IFERROR(__xludf.DUMMYFUNCTION("IF(Q86="""","""",IFERROR(VALUE(REGEXEXTRACT(Q86,""(?i)P\s*([0-9]+)"")),""""))"),"")
A87: =IF(B87="","",ROW()-14) | P87: ='Recensement DPS'!A18 -> Kirisaka | Q87: =IFERROR(__xludf.DUMMYFUNCTION("IFERROR(INDEX(SPLIT(IF(REGEXMATCH(SWITCH($B$13,""Feu"",'Recensement DPS'!C18,""Glace"",'Recensement DPS'!E18,""Vent"",'Recensement DPS'!G18,""Terre"",'Recensement DPS'!I18,""Lumière"",'Recensement DPS'!K18,""Ténèbres"",'Recensement DPS'!M18,""Foudre"",'Re"&"censement DPS'!O18),""/""),SWITCH($B$13,""Feu"",'Recensement DPS'!C18,""Glace"",'Recensement DPS'!E18,""Vent"",'Recensement DPS'!G18,""Terre"",'Recensement DPS'!I18,""Lumière"",'Recensement DPS'!K18,""Ténèbres"",'Recensement DPS'!M18,""Foudre"",'Recenseme"&"nt DPS'!O18),REGEXREPLACE(SWITCH($B$13,""Feu"",'Recensement DPS'!C18,""Glace"",'Recensement DPS'!E18,""Vent"",'Recensement DPS'!G18,""Terre"",'Recensement DPS'!I18,""Lumière"",'Recensement DPS'!K18,""Ténèbres"",'Recensement DPS'!M18,""Foudre"",'Recensemen"&"t DPS'!O18),""(?i)(P[0-9]+)\s+"",""$1 / "")),"" / "",FALSE,TRUE),1,3),"""")"),"") | R87: =IFERROR(__xludf.DUMMYFUNCTION("IF(Q87="""","""",IFERROR(VALUE(REGEXEXTRACT(Q87,""(?i)P\s*([0-9]+)"")),""""))"),"")
A88: =IF(B88="","",ROW()-14) | P88: ='Recensement DPS'!A18 -> Kirisaka | Q88: =IFERROR(__xludf.DUMMYFUNCTION("IFERROR(INDEX(SPLIT(IF(REGEXMATCH(SWITCH($B$13,""Feu"",'Recensement DPS'!C18,""Glace"",'Recensement DPS'!E18,""Vent"",'Recensement DPS'!G18,""Terre"",'Recensement DPS'!I18,""Lumière"",'Recensement DPS'!K18,""Ténèbres"",'Recensement DPS'!M18,""Foudre"",'Re"&"censement DPS'!O18),""/""),SWITCH($B$13,""Feu"",'Recensement DPS'!C18,""Glace"",'Recensement DPS'!E18,""Vent"",'Recensement DPS'!G18,""Terre"",'Recensement DPS'!I18,""Lumière"",'Recensement DPS'!K18,""Ténèbres"",'Recensement DPS'!M18,""Foudre"",'Recenseme"&"nt DPS'!O18),REGEXREPLACE(SWITCH($B$13,""Feu"",'Recensement DPS'!C18,""Glace"",'Recensement DPS'!E18,""Vent"",'Recensement DPS'!G18,""Terre"",'Recensement DPS'!I18,""Lumière"",'Recensement DPS'!K18,""Ténèbres"",'Recensement DPS'!M18,""Foudre"",'Recensemen"&"t DPS'!O18),""(?i)(P[0-9]+)\s+"",""$1 / "")),"" / "",FALSE,TRUE),1,4),"""")"),"") | R88: =IFERROR(__xludf.DUMMYFUNCTION("IF(Q88="""","""",IFERROR(VALUE(REGEXEXTRACT(Q88,""(?i)P\s*([0-9]+)"")),""""))"),"")
A89: =IF(B89="","",ROW()-14) | P89: ='Recensement DPS'!A18 -> Kirisaka | Q89: =IFERROR(__xludf.DUMMYFUNCTION("IFERROR(INDEX(SPLIT(IF(REGEXMATCH(SWITCH($B$13,""Feu"",'Recensement DPS'!C18,""Glace"",'Recensement DPS'!E18,""Vent"",'Recensement DPS'!G18,""Terre"",'Recensement DPS'!I18,""Lumière"",'Recensement DPS'!K18,""Ténèbres"",'Recensement DPS'!M18,""Foudre"",'Re"&"censement DPS'!O18),""/""),SWITCH($B$13,""Feu"",'Recensement DPS'!C18,""Glace"",'Recensement DPS'!E18,""Vent"",'Recensement DPS'!G18,""Terre"",'Recensement DPS'!I18,""Lumière"",'Recensement DPS'!K18,""Ténèbres"",'Recensement DPS'!M18,""Foudre"",'Recenseme"&"nt DPS'!O18),REGEXREPLACE(SWITCH($B$13,""Feu"",'Recensement DPS'!C18,""Glace"",'Recensement DPS'!E18,""Vent"",'Recensement DPS'!G18,""Terre"",'Recensement DPS'!I18,""Lumière"",'Recensement DPS'!K18,""Ténèbres"",'Recensement DPS'!M18,""Foudre"",'Recensemen"&"t DPS'!O18),""(?i)(P[0-9]+)\s+"",""$1 / "")),"" / "",FALSE,TRUE),1,5),"""")"),"") | R89: =IFERROR(__xludf.DUMMYFUNCTION("IF(Q89="""","""",IFERROR(VALUE(REGEXEXTRACT(Q89,""(?i)P\s*([0-9]+)"")),""""))"),"")
A90: =IF(B90="","",ROW()-14) | P90: ='Recensement DPS'!A19 -> MDK95 | Q90: =IFERROR(__xludf.DUMMYFUNCTION("IFERROR(INDEX(SPLIT(IF(REGEXMATCH(SWITCH($B$13,""Feu"",'Recensement DPS'!C19,""Glace"",'Recensement DPS'!E19,""Vent"",'Recensement DPS'!G19,""Terre"",'Recensement DPS'!I19,""Lumière"",'Recensement DPS'!K19,""Ténèbres"",'Recensement DPS'!M19,""Foudre"",'Re"&"censement DPS'!O19),""/""),SWITCH($B$13,""Feu"",'Recensement DPS'!C19,""Glace"",'Recensement DPS'!E19,""Vent"",'Recensement DPS'!G19,""Terre"",'Recensement DPS'!I19,""Lumière"",'Recensement DPS'!K19,""Ténèbres"",'Recensement DPS'!M19,""Foudre"",'Recenseme"&"nt DPS'!O19),REGEXREPLACE(SWITCH($B$13,""Feu"",'Recensement DPS'!C19,""Glace"",'Recensement DPS'!E19,""Vent"",'Recensement DPS'!G19,""Terre"",'Recensement DPS'!I19,""Lumière"",'Recensement DPS'!K19,""Ténèbres"",'Recensement DPS'!M19,""Foudre"",'Recensemen"&"t DPS'!O19),""(?i)(P[0-9]+)\s+"",""$1 / "")),"" / "",FALSE,TRUE),1,1),"""")"),"") | R90: =IFERROR(__xludf.DUMMYFUNCTION("IF(Q90="""","""",IFERROR(VALUE(REGEXEXTRACT(Q90,""(?i)P\s*([0-9]+)"")),""""))"),"")
A91: =IF(B91="","",ROW()-14) | P91: ='Recensement DPS'!A19 -> MDK95 | Q91: =IFERROR(__xludf.DUMMYFUNCTION("IFERROR(INDEX(SPLIT(IF(REGEXMATCH(SWITCH($B$13,""Feu"",'Recensement DPS'!C19,""Glace"",'Recensement DPS'!E19,""Vent"",'Recensement DPS'!G19,""Terre"",'Recensement DPS'!I19,""Lumière"",'Recensement DPS'!K19,""Ténèbres"",'Recensement DPS'!M19,""Foudre"",'Re"&"censement DPS'!O19),""/""),SWITCH($B$13,""Feu"",'Recensement DPS'!C19,""Glace"",'Recensement DPS'!E19,""Vent"",'Recensement DPS'!G19,""Terre"",'Recensement DPS'!I19,""Lumière"",'Recensement DPS'!K19,""Ténèbres"",'Recensement DPS'!M19,""Foudre"",'Recenseme"&"nt DPS'!O19),REGEXREPLACE(SWITCH($B$13,""Feu"",'Recensement DPS'!C19,""Glace"",'Recensement DPS'!E19,""Vent"",'Recensement DPS'!G19,""Terre"",'Recensement DPS'!I19,""Lumière"",'Recensement DPS'!K19,""Ténèbres"",'Recensement DPS'!M19,""Foudre"",'Recensemen"&"t DPS'!O19),""(?i)(P[0-9]+)\s+"",""$1 / "")),"" / "",FALSE,TRUE),1,2),"""")"),"") | R91: =IFERROR(__xludf.DUMMYFUNCTION("IF(Q91="""","""",IFERROR(VALUE(REGEXEXTRACT(Q91,""(?i)P\s*([0-9]+)"")),""""))"),"")
A92: =IF(B92="","",ROW()-14) | P92: ='Recensement DPS'!A19 -> MDK95 | Q92: =IFERROR(__xludf.DUMMYFUNCTION("IFERROR(INDEX(SPLIT(IF(REGEXMATCH(SWITCH($B$13,""Feu"",'Recensement DPS'!C19,""Glace"",'Recensement DPS'!E19,""Vent"",'Recensement DPS'!G19,""Terre"",'Recensement DPS'!I19,""Lumière"",'Recensement DPS'!K19,""Ténèbres"",'Recensement DPS'!M19,""Foudre"",'Re"&"censement DPS'!O19),""/""),SWITCH($B$13,""Feu"",'Recensement DPS'!C19,""Glace"",'Recensement DPS'!E19,""Vent"",'Recensement DPS'!G19,""Terre"",'Recensement DPS'!I19,""Lumière"",'Recensement DPS'!K19,""Ténèbres"",'Recensement DPS'!M19,""Foudre"",'Recenseme"&"nt DPS'!O19),REGEXREPLACE(SWITCH($B$13,""Feu"",'Recensement DPS'!C19,""Glace"",'Recensement DPS'!E19,""Vent"",'Recensement DPS'!G19,""Terre"",'Recensement DPS'!I19,""Lumière"",'Recensement DPS'!K19,""Ténèbres"",'Recensement DPS'!M19,""Foudre"",'Recensemen"&"t DPS'!O19),""(?i)(P[0-9]+)\s+"",""$1 / "")),"" / "",FALSE,TRUE),1,3),"""")"),"") | R92: =IFERROR(__xludf.DUMMYFUNCTION("IF(Q92="""","""",IFERROR(VALUE(REGEXEXTRACT(Q92,""(?i)P\s*([0-9]+)"")),""""))"),"")
A93: =IF(B93="","",ROW()-14) | P93: ='Recensement DPS'!A19 -> MDK95 | Q93: =IFERROR(__xludf.DUMMYFUNCTION("IFERROR(INDEX(SPLIT(IF(REGEXMATCH(SWITCH($B$13,""Feu"",'Recensement DPS'!C19,""Glace"",'Recensement DPS'!E19,""Vent"",'Recensement DPS'!G19,""Terre"",'Recensement DPS'!I19,""Lumière"",'Recensement DPS'!K19,""Ténèbres"",'Recensement DPS'!M19,""Foudre"",'Re"&"censement DPS'!O19),""/""),SWITCH($B$13,""Feu"",'Recensement DPS'!C19,""Glace"",'Recensement DPS'!E19,""Vent"",'Recensement DPS'!G19,""Terre"",'Recensement DPS'!I19,""Lumière"",'Recensement DPS'!K19,""Ténèbres"",'Recensement DPS'!M19,""Foudre"",'Recenseme"&"nt DPS'!O19),REGEXREPLACE(SWITCH($B$13,""Feu"",'Recensement DPS'!C19,""Glace"",'Recensement DPS'!E19,""Vent"",'Recensement DPS'!G19,""Terre"",'Recensement DPS'!I19,""Lumière"",'Recensement DPS'!K19,""Ténèbres"",'Recensement DPS'!M19,""Foudre"",'Recensemen"&"t DPS'!O19),""(?i)(P[0-9]+)\s+"",""$1 / "")),"" / "",FALSE,TRUE),1,4),"""")"),"") | R93: =IFERROR(__xludf.DUMMYFUNCTION("IF(Q93="""","""",IFERROR(VALUE(REGEXEXTRACT(Q93,""(?i)P\s*([0-9]+)"")),""""))"),"")
A94: =IF(B94="","",ROW()-14) | P94: ='Recensement DPS'!A19 -> MDK95 | Q94: =IFERROR(__xludf.DUMMYFUNCTION("IFERROR(INDEX(SPLIT(IF(REGEXMATCH(SWITCH($B$13,""Feu"",'Recensement DPS'!C19,""Glace"",'Recensement DPS'!E19,""Vent"",'Recensement DPS'!G19,""Terre"",'Recensement DPS'!I19,""Lumière"",'Recensement DPS'!K19,""Ténèbres"",'Recensement DPS'!M19,""Foudre"",'Re"&"censement DPS'!O19),""/""),SWITCH($B$13,""Feu"",'Recensement DPS'!C19,""Glace"",'Recensement DPS'!E19,""Vent"",'Recensement DPS'!G19,""Terre"",'Recensement DPS'!I19,""Lumière"",'Recensement DPS'!K19,""Ténèbres"",'Recensement DPS'!M19,""Foudre"",'Recenseme"&"nt DPS'!O19),REGEXREPLACE(SWITCH($B$13,""Feu"",'Recensement DPS'!C19,""Glace"",'Recensement DPS'!E19,""Vent"",'Recensement DPS'!G19,""Terre"",'Recensement DPS'!I19,""Lumière"",'Recensement DPS'!K19,""Ténèbres"",'Recensement DPS'!M19,""Foudre"",'Recensemen"&"t DPS'!O19),""(?i)(P[0-9]+)\s+"",""$1 / "")),"" / "",FALSE,TRUE),1,5),"""")"),"") | R94: =IFERROR(__xludf.DUMMYFUNCTION("IF(Q94="""","""",IFERROR(VALUE(REGEXEXTRACT(Q94,""(?i)P\s*([0-9]+)"")),""""))"),"")
A95: =IF(B95="","",ROW()-14) | P95: ='Recensement DPS'!A20 -> Mumu | Q95: =IFERROR(__xludf.DUMMYFUNCTION("IFERROR(INDEX(SPLIT(IF(REGEXMATCH(SWITCH($B$13,""Feu"",'Recensement DPS'!C20,""Glace"",'Recensement DPS'!E20,""Vent"",'Recensement DPS'!G20,""Terre"",'Recensement DPS'!I20,""Lumière"",'Recensement DPS'!K20,""Ténèbres"",'Recensement DPS'!M20,""Foudre"",'Re"&"censement DPS'!O20),""/""),SWITCH($B$13,""Feu"",'Recensement DPS'!C20,""Glace"",'Recensement DPS'!E20,""Vent"",'Recensement DPS'!G20,""Terre"",'Recensement DPS'!I20,""Lumière"",'Recensement DPS'!K20,""Ténèbres"",'Recensement DPS'!M20,""Foudre"",'Recenseme"&"nt DPS'!O20),REGEXREPLACE(SWITCH($B$13,""Feu"",'Recensement DPS'!C20,""Glace"",'Recensement DPS'!E20,""Vent"",'Recensement DPS'!G20,""Terre"",'Recensement DPS'!I20,""Lumière"",'Recensement DPS'!K20,""Ténèbres"",'Recensement DPS'!M20,""Foudre"",'Recensemen"&"t DPS'!O20),""(?i)(P[0-9]+)\s+"",""$1 / "")),"" / "",FALSE,TRUE),1,1),"""")"),"") | R95: =IFERROR(__xludf.DUMMYFUNCTION("IF(Q95="""","""",IFERROR(VALUE(REGEXEXTRACT(Q95,""(?i)P\s*([0-9]+)"")),""""))"),"")
A96: =IF(B96="","",ROW()-14) | P96: ='Recensement DPS'!A20 -> Mumu | Q96: =IFERROR(__xludf.DUMMYFUNCTION("IFERROR(INDEX(SPLIT(IF(REGEXMATCH(SWITCH($B$13,""Feu"",'Recensement DPS'!C20,""Glace"",'Recensement DPS'!E20,""Vent"",'Recensement DPS'!G20,""Terre"",'Recensement DPS'!I20,""Lumière"",'Recensement DPS'!K20,""Ténèbres"",'Recensement DPS'!M20,""Foudre"",'Re"&"censement DPS'!O20),""/""),SWITCH($B$13,""Feu"",'Recensement DPS'!C20,""Glace"",'Recensement DPS'!E20,""Vent"",'Recensement DPS'!G20,""Terre"",'Recensement DPS'!I20,""Lumière"",'Recensement DPS'!K20,""Ténèbres"",'Recensement DPS'!M20,""Foudre"",'Recenseme"&"nt DPS'!O20),REGEXREPLACE(SWITCH($B$13,""Feu"",'Recensement DPS'!C20,""Glace"",'Recensement DPS'!E20,""Vent"",'Recensement DPS'!G20,""Terre"",'Recensement DPS'!I20,""Lumière"",'Recensement DPS'!K20,""Ténèbres"",'Recensement DPS'!M20,""Foudre"",'Recensemen"&"t DPS'!O20),""(?i)(P[0-9]+)\s+"",""$1 / "")),"" / "",FALSE,TRUE),1,2),"""")"),"") | R96: =IFERROR(__xludf.DUMMYFUNCTION("IF(Q96="""","""",IFERROR(VALUE(REGEXEXTRACT(Q96,""(?i)P\s*([0-9]+)"")),""""))"),"")
A97: =IF(B97="","",ROW()-14) | P97: ='Recensement DPS'!A20 -> Mumu | Q97: =IFERROR(__xludf.DUMMYFUNCTION("IFERROR(INDEX(SPLIT(IF(REGEXMATCH(SWITCH($B$13,""Feu"",'Recensement DPS'!C20,""Glace"",'Recensement DPS'!E20,""Vent"",'Recensement DPS'!G20,""Terre"",'Recensement DPS'!I20,""Lumière"",'Recensement DPS'!K20,""Ténèbres"",'Recensement DPS'!M20,""Foudre"",'Re"&"censement DPS'!O20),""/""),SWITCH($B$13,""Feu"",'Recensement DPS'!C20,""Glace"",'Recensement DPS'!E20,""Vent"",'Recensement DPS'!G20,""Terre"",'Recensement DPS'!I20,""Lumière"",'Recensement DPS'!K20,""Ténèbres"",'Recensement DPS'!M20,""Foudre"",'Recenseme"&"nt DPS'!O20),REGEXREPLACE(SWITCH($B$13,""Feu"",'Recensement DPS'!C20,""Glace"",'Recensement DPS'!E20,""Vent"",'Recensement DPS'!G20,""Terre"",'Recensement DPS'!I20,""Lumière"",'Recensement DPS'!K20,""Ténèbres"",'Recensement DPS'!M20,""Foudre"",'Recensemen"&"t DPS'!O20),""(?i)(P[0-9]+)\s+"",""$1 / "")),"" / "",FALSE,TRUE),1,3),"""")"),"") | R97: =IFERROR(__xludf.DUMMYFUNCTION("IF(Q97="""","""",IFERROR(VALUE(REGEXEXTRACT(Q97,""(?i)P\s*([0-9]+)"")),""""))"),"")
A98: =IF(B98="","",ROW()-14) | P98: ='Recensement DPS'!A20 -> Mumu | Q98: =IFERROR(__xludf.DUMMYFUNCTION("IFERROR(INDEX(SPLIT(IF(REGEXMATCH(SWITCH($B$13,""Feu"",'Recensement DPS'!C20,""Glace"",'Recensement DPS'!E20,""Vent"",'Recensement DPS'!G20,""Terre"",'Recensement DPS'!I20,""Lumière"",'Recensement DPS'!K20,""Ténèbres"",'Recensement DPS'!M20,""Foudre"",'Re"&"censement DPS'!O20),""/""),SWITCH($B$13,""Feu"",'Recensement DPS'!C20,""Glace"",'Recensement DPS'!E20,""Vent"",'Recensement DPS'!G20,""Terre"",'Recensement DPS'!I20,""Lumière"",'Recensement DPS'!K20,""Ténèbres"",'Recensement DPS'!M20,""Foudre"",'Recenseme"&"nt DPS'!O20),REGEXREPLACE(SWITCH($B$13,""Feu"",'Recensement DPS'!C20,""Glace"",'Recensement DPS'!E20,""Vent"",'Recensement DPS'!G20,""Terre"",'Recensement DPS'!I20,""Lumière"",'Recensement DPS'!K20,""Ténèbres"",'Recensement DPS'!M20,""Foudre"",'Recensemen"&"t DPS'!O20),""(?i)(P[0-9]+)\s+"",""$1 / "")),"" / "",FALSE,TRUE),1,4),"""")"),"") | R98: =IFERROR(__xludf.DUMMYFUNCTION("IF(Q98="""","""",IFERROR(VALUE(REGEXEXTRACT(Q98,""(?i)P\s*([0-9]+)"")),""""))"),"")
A99: =IF(B99="","",ROW()-14) | P99: ='Recensement DPS'!A20 -> Mumu | Q99: =IFERROR(__xludf.DUMMYFUNCTION("IFERROR(INDEX(SPLIT(IF(REGEXMATCH(SWITCH($B$13,""Feu"",'Recensement DPS'!C20,""Glace"",'Recensement DPS'!E20,""Vent"",'Recensement DPS'!G20,""Terre"",'Recensement DPS'!I20,""Lumière"",'Recensement DPS'!K20,""Ténèbres"",'Recensement DPS'!M20,""Foudre"",'Re"&"censement DPS'!O20),""/""),SWITCH($B$13,""Feu"",'Recensement DPS'!C20,""Glace"",'Recensement DPS'!E20,""Vent"",'Recensement DPS'!G20,""Terre"",'Recensement DPS'!I20,""Lumière"",'Recensement DPS'!K20,""Ténèbres"",'Recensement DPS'!M20,""Foudre"",'Recenseme"&"nt DPS'!O20),REGEXREPLACE(SWITCH($B$13,""Feu"",'Recensement DPS'!C20,""Glace"",'Recensement DPS'!E20,""Vent"",'Recensement DPS'!G20,""Terre"",'Recensement DPS'!I20,""Lumière"",'Recensement DPS'!K20,""Ténèbres"",'Recensement DPS'!M20,""Foudre"",'Recensemen"&"t DPS'!O20),""(?i)(P[0-9]+)\s+"",""$1 / "")),"" / "",FALSE,TRUE),1,5),"""")"),"") | R99: =IFERROR(__xludf.DUMMYFUNCTION("IF(Q99="""","""",IFERROR(VALUE(REGEXEXTRACT(Q99,""(?i)P\s*([0-9]+)"")),""""))"),"")
A100: =IF(B100="","",ROW()-14) | P100: ='Recensement DPS'!A21 -> Smiiters | Q100: =IFERROR(__xludf.DUMMYFUNCTION("IFERROR(INDEX(SPLIT(IF(REGEXMATCH(SWITCH($B$13,""Feu"",'Recensement DPS'!C21,""Glace"",'Recensement DPS'!E21,""Vent"",'Recensement DPS'!G21,""Terre"",'Recensement DPS'!I21,""Lumière"",'Recensement DPS'!K21,""Ténèbres"",'Recensement DPS'!M21,""Foudre"",'Re"&"censement DPS'!O21),""/""),SWITCH($B$13,""Feu"",'Recensement DPS'!C21,""Glace"",'Recensement DPS'!E21,""Vent"",'Recensement DPS'!G21,""Terre"",'Recensement DPS'!I21,""Lumière"",'Recensement DPS'!K21,""Ténèbres"",'Recensement DPS'!M21,""Foudre"",'Recenseme"&"nt DPS'!O21),REGEXREPLACE(SWITCH($B$13,""Feu"",'Recensement DPS'!C21,""Glace"",'Recensement DPS'!E21,""Vent"",'Recensement DPS'!G21,""Terre"",'Recensement DPS'!I21,""Lumière"",'Recensement DPS'!K21,""Ténèbres"",'Recensement DPS'!M21,""Foudre"",'Recensemen"&"t DPS'!O21),""(?i)(P[0-9]+)\s+"",""$1 / "")),"" / "",FALSE,TRUE),1,1),"""")"),"") | R100: =IFERROR(__xludf.DUMMYFUNCTION("IF(Q100="""","""",IFERROR(VALUE(REGEXEXTRACT(Q100,""(?i)P\s*([0-9]+)"")),""""))"),"")
...
